family,file,line,mnemonic,reason,source
bit,table_data/kn5000_table_data.s,3324,chgda_24,new-does-not-assemble,"	chgda_24 2, (1441796); CHG 2, (0x160004) - toggle bit 2"
bit,table_data/kn5000_table_data.s,3334,chgda_24,new-does-not-assemble,"	chgda_24 3, (1441796); CHG 3, (0x160004) - toggle bit 3"
bit,v10/maincpu/boot/system_handlers.s,7956,chgda_24,new-does-not-assemble,"	chgda_24 2, (0x160004)"
bit,v10/maincpu/boot/system_handlers.s,7962,chgda_24,new-does-not-assemble,"	chgda_24 3, (0x160004)"
bit,v7/maincpu/boot/system_handlers.s,7829,chgda_24,new-does-not-assemble,"	chgda_24 2, (0x160004)"
bit,v7/maincpu/boot/system_handlers.s,7835,chgda_24,new-does-not-assemble,"	chgda_24 3, (0x160004)"
bit,v9/maincpu/boot/system_handlers.s,7956,chgda_24,new-does-not-assemble,"	chgda_24 2, (0x160004)"
bit,v9/maincpu/boot/system_handlers.s,7962,chgda_24,new-does-not-assemble,"	chgda_24 3, (0x160004)"
flow,v10/maincpu/display/scoop_display.s,19465,lda_24,old-does-not-assemble,"	lda_24 xwa, (\ParamB)"
flow,v10/maincpu/display/scoop_display.s,19469,lda_24,old-does-not-assemble,"	lda_24 xwa, (\ParamD)"
flow,v10/maincpu/display/scoop_display.s,19488,lda_24,old-does-not-assemble,"	lda_24 xwa, (\ParamB)"
flow,v10/maincpu/display/scoop_display.s,19491,lda_24,old-does-not-assemble,"	lda_24 xwa, (\ParamD)"
flow,v10/maincpu/factory_test/test_init.s,28,lda_24,old-does-not-assemble,"	lda_24 xwa, (\ParamB)"
flow,v10/maincpu/factory_test/test_init.s,32,lda_24,old-does-not-assemble,"	lda_24 xwa, (\ParamD)"
flow,v10/maincpu/factory_test/test_init.s,52,lda_24,old-does-not-assemble,"	lda_24 xwa, (\ParamB)"
flow,v10/maincpu/factory_test/test_init.s,55,lda_24,old-does-not-assemble,"	lda_24 xwa, (\ParamD)"
flow,v10/maincpu/factory_test/test_init.s,70,lda_24,old-does-not-assemble,"	lda_24 xwa, (\ParamB)"
flow,v7/maincpu/display/scoop_display.s,13579,lda_24,old-does-not-assemble,"	lda_24 xwa, (\ParamB)"
flow,v7/maincpu/display/scoop_display.s,13583,lda_24,old-does-not-assemble,"	lda_24 xwa, (\ParamD)"
flow,v7/maincpu/display/scoop_display.s,13602,lda_24,old-does-not-assemble,"	lda_24 xwa, (\ParamB)"
flow,v7/maincpu/display/scoop_display.s,13605,lda_24,old-does-not-assemble,"	lda_24 xwa, (\ParamD)"
flow,v7/maincpu/factory_test/test_init.s,28,lda_24,old-does-not-assemble,"	lda_24 xwa, (\ParamB)"
flow,v7/maincpu/factory_test/test_init.s,32,lda_24,old-does-not-assemble,"	lda_24 xwa, (\ParamD)"
flow,v7/maincpu/factory_test/test_init.s,52,lda_24,old-does-not-assemble,"	lda_24 xwa, (\ParamB)"
flow,v7/maincpu/factory_test/test_init.s,55,lda_24,old-does-not-assemble,"	lda_24 xwa, (\ParamD)"
flow,v7/maincpu/factory_test/test_init.s,70,lda_24,old-does-not-assemble,"	lda_24 xwa, (\ParamB)"
flow,v9/maincpu/display/scoop_display.s,19549,lda_24,old-does-not-assemble,"	lda_24 xwa, (\ParamB)"
flow,v9/maincpu/display/scoop_display.s,19553,lda_24,old-does-not-assemble,"	lda_24 xwa, (\ParamD)"
flow,v9/maincpu/display/scoop_display.s,19572,lda_24,old-does-not-assemble,"	lda_24 xwa, (\ParamB)"
flow,v9/maincpu/display/scoop_display.s,19575,lda_24,old-does-not-assemble,"	lda_24 xwa, (\ParamD)"
flow,v9/maincpu/factory_test/test_init.s,28,lda_24,old-does-not-assemble,"	lda_24 xwa, (\ParamB)"
flow,v9/maincpu/factory_test/test_init.s,32,lda_24,old-does-not-assemble,"	lda_24 xwa, (\ParamD)"
flow,v9/maincpu/factory_test/test_init.s,52,lda_24,old-does-not-assemble,"	lda_24 xwa, (\ParamB)"
flow,v9/maincpu/factory_test/test_init.s,55,lda_24,old-does-not-assemble,"	lda_24 xwa, (\ParamD)"
flow,v9/maincpu/factory_test/test_init.s,70,lda_24,old-does-not-assemble,"	lda_24 xwa, (\ParamB)"
