# counts: AGREE=5525, BOTH_REFUSE=2777, LLVM_ONLY=36, MAME_ONLY=847, MNEM_DIFF=127, REG_DIFF=672, ASYM=42; rows below: every probe that is not AGREE / *_REFUSE / MAME_ONLY, or does not re-encode
group	bytes	llvm_len	llvm_text	mame_len	mame_text	class	asym
80+r	81 40 34 12 78 56	2	mul w, (xbc)	2	mul ??,(XBC)	REG_DIFF	
80+r	81 41 34 12 78 56	2	mul a, (xbc)	2	mul WA,(XBC)	REG_DIFF	
80+r	81 42 34 12 78 56	2	mul b, (xbc)	2	mul ??,(XBC)	REG_DIFF	
80+r	81 43 34 12 78 56	2	mul c, (xbc)	2	mul BC,(XBC)	REG_DIFF	
80+r	81 44 34 12 78 56	2	mul d, (xbc)	2	mul ??,(XBC)	REG_DIFF	
80+r	81 45 34 12 78 56	2	mul e, (xbc)	2	mul DE,(XBC)	REG_DIFF	
80+r	81 46 34 12 78 56	2	mul h, (xbc)	2	mul ??,(XBC)	REG_DIFF	
80+r	81 47 34 12 78 56	2	mul l, (xbc)	2	mul HL,(XBC)	REG_DIFF	
80+r	81 48 34 12 78 56	2	muls w, (xbc)	2	muls ??,(XBC)	REG_DIFF	
80+r	81 49 34 12 78 56	2	muls a, (xbc)	2	muls WA,(XBC)	REG_DIFF	
80+r	81 4a 34 12 78 56	2	muls b, (xbc)	2	muls ??,(XBC)	REG_DIFF	
80+r	81 4b 34 12 78 56	2	muls c, (xbc)	2	muls BC,(XBC)	REG_DIFF	
80+r	81 4c 34 12 78 56	2	muls d, (xbc)	2	muls ??,(XBC)	REG_DIFF	
80+r	81 4d 34 12 78 56	2	muls e, (xbc)	2	muls DE,(XBC)	REG_DIFF	
80+r	81 4e 34 12 78 56	2	muls h, (xbc)	2	muls ??,(XBC)	REG_DIFF	
80+r	81 4f 34 12 78 56	2	muls l, (xbc)	2	muls HL,(XBC)	REG_DIFF	
80+r	81 50 34 12 78 56	2	div w, (xbc)	2	div ??,(XBC)	REG_DIFF	
80+r	81 51 34 12 78 56	2	div a, (xbc)	2	div WA,(XBC)	REG_DIFF	
80+r	81 52 34 12 78 56	2	div b, (xbc)	2	div ??,(XBC)	REG_DIFF	
80+r	81 53 34 12 78 56	2	div c, (xbc)	2	div BC,(XBC)	REG_DIFF	
80+r	81 54 34 12 78 56	2	div d, (xbc)	2	div ??,(XBC)	REG_DIFF	
80+r	81 55 34 12 78 56	2	div e, (xbc)	2	div DE,(XBC)	REG_DIFF	
80+r	81 56 34 12 78 56	2	div h, (xbc)	2	div ??,(XBC)	REG_DIFF	
80+r	81 57 34 12 78 56	2	div l, (xbc)	2	div HL,(XBC)	REG_DIFF	
80+r	81 58 34 12 78 56	2	divs w, (xbc)	2	divs ??,(XBC)	REG_DIFF	
80+r	81 59 34 12 78 56	2	divs a, (xbc)	2	divs WA,(XBC)	REG_DIFF	
80+r	81 5a 34 12 78 56	2	divs b, (xbc)	2	divs ??,(XBC)	REG_DIFF	
80+r	81 5b 34 12 78 56	2	divs c, (xbc)	2	divs BC,(XBC)	REG_DIFF	
80+r	81 5c 34 12 78 56	2	divs d, (xbc)	2	divs ??,(XBC)	REG_DIFF	
80+r	81 5d 34 12 78 56	2	divs e, (xbc)	2	divs DE,(XBC)	REG_DIFF	
80+r	81 5e 34 12 78 56	2	divs h, (xbc)	2	divs ??,(XBC)	REG_DIFF	
80+r	81 5f 34 12 78 56	2	divs l, (xbc)	2	divs HL,(XBC)	REG_DIFF	
88+r:d8	89 05 40 34 12 78 56	3	mul w, (xbc+5)	3	mul ??,(XBC+0x05)	REG_DIFF	
88+r:d8	89 05 41 34 12 78 56	3	mul a, (xbc+5)	3	mul WA,(XBC+0x05)	REG_DIFF	
88+r:d8	89 05 42 34 12 78 56	3	mul b, (xbc+5)	3	mul ??,(XBC+0x05)	REG_DIFF	
88+r:d8	89 05 43 34 12 78 56	3	mul c, (xbc+5)	3	mul BC,(XBC+0x05)	REG_DIFF	
88+r:d8	89 05 44 34 12 78 56	3	mul d, (xbc+5)	3	mul ??,(XBC+0x05)	REG_DIFF	
88+r:d8	89 05 45 34 12 78 56	3	mul e, (xbc+5)	3	mul DE,(XBC+0x05)	REG_DIFF	
88+r:d8	89 05 46 34 12 78 56	3	mul h, (xbc+5)	3	mul ??,(XBC+0x05)	REG_DIFF	
88+r:d8	89 05 47 34 12 78 56	3	mul l, (xbc+5)	3	mul HL,(XBC+0x05)	REG_DIFF	
88+r:d8	89 05 48 34 12 78 56	3	muls w, (xbc+5)	3	muls ??,(XBC+0x05)	REG_DIFF	
88+r:d8	89 05 49 34 12 78 56	3	muls a, (xbc+5)	3	muls WA,(XBC+0x05)	REG_DIFF	
88+r:d8	89 05 4a 34 12 78 56	3	muls b, (xbc+5)	3	muls ??,(XBC+0x05)	REG_DIFF	
88+r:d8	89 05 4b 34 12 78 56	3	muls c, (xbc+5)	3	muls BC,(XBC+0x05)	REG_DIFF	
88+r:d8	89 05 4c 34 12 78 56	3	muls d, (xbc+5)	3	muls ??,(XBC+0x05)	REG_DIFF	
88+r:d8	89 05 4d 34 12 78 56	3	muls e, (xbc+5)	3	muls DE,(XBC+0x05)	REG_DIFF	
88+r:d8	89 05 4e 34 12 78 56	3	muls h, (xbc+5)	3	muls ??,(XBC+0x05)	REG_DIFF	
88+r:d8	89 05 4f 34 12 78 56	3	muls l, (xbc+5)	3	muls HL,(XBC+0x05)	REG_DIFF	
88+r:d8	89 05 50 34 12 78 56	3	div w, (xbc+5)	3	div ??,(XBC+0x05)	REG_DIFF	
88+r:d8	89 05 51 34 12 78 56	3	div a, (xbc+5)	3	div WA,(XBC+0x05)	REG_DIFF	
88+r:d8	89 05 52 34 12 78 56	3	div b, (xbc+5)	3	div ??,(XBC+0x05)	REG_DIFF	
88+r:d8	89 05 53 34 12 78 56	3	div c, (xbc+5)	3	div BC,(XBC+0x05)	REG_DIFF	
88+r:d8	89 05 54 34 12 78 56	3	div d, (xbc+5)	3	div ??,(XBC+0x05)	REG_DIFF	
88+r:d8	89 05 55 34 12 78 56	3	div e, (xbc+5)	3	div DE,(XBC+0x05)	REG_DIFF	
88+r:d8	89 05 56 34 12 78 56	3	div h, (xbc+5)	3	div ??,(XBC+0x05)	REG_DIFF	
88+r:d8	89 05 57 34 12 78 56	3	div l, (xbc+5)	3	div HL,(XBC+0x05)	REG_DIFF	
88+r:d8	89 05 58 34 12 78 56	3	divs w, (xbc+5)	3	divs ??,(XBC+0x05)	REG_DIFF	
88+r:d8	89 05 59 34 12 78 56	3	divs a, (xbc+5)	3	divs WA,(XBC+0x05)	REG_DIFF	
88+r:d8	89 05 5a 34 12 78 56	3	divs b, (xbc+5)	3	divs ??,(XBC+0x05)	REG_DIFF	
88+r:d8	89 05 5b 34 12 78 56	3	divs c, (xbc+5)	3	divs BC,(XBC+0x05)	REG_DIFF	
88+r:d8	89 05 5c 34 12 78 56	3	divs d, (xbc+5)	3	divs ??,(XBC+0x05)	REG_DIFF	
88+r:d8	89 05 5d 34 12 78 56	3	divs e, (xbc+5)	3	divs DE,(XBC+0x05)	REG_DIFF	
88+r:d8	89 05 5e 34 12 78 56	3	divs h, (xbc+5)	3	divs ??,(XBC+0x05)	REG_DIFF	
88+r:d8	89 05 5f 34 12 78 56	3	divs l, (xbc+5)	3	divs HL,(XBC+0x05)	REG_DIFF	
90+r	91 40 34 12 78 56	2	mul wa, (xbc)	2	mul XWA,(XBC)	REG_DIFF	
90+r	91 41 34 12 78 56	2	mul bc, (xbc)	2	mul XBC,(XBC)	REG_DIFF	
90+r	91 42 34 12 78 56	2	mul de, (xbc)	2	mul XDE,(XBC)	REG_DIFF	
90+r	91 43 34 12 78 56	2	mul hl, (xbc)	2	mul XHL,(XBC)	REG_DIFF	
90+r	91 44 34 12 78 56	2	mul ix, (xbc)	2	mul XIX,(XBC)	REG_DIFF	
90+r	91 45 34 12 78 56	2	mul iy, (xbc)	2	mul XIY,(XBC)	REG_DIFF	
90+r	91 46 34 12 78 56	2	mul iz, (xbc)	2	mul XIZ,(XBC)	REG_DIFF	
90+r	91 47 34 12 78 56	2	mul sp, (xbc)	2	mul XSP,(XBC)	REG_DIFF	
90+r	91 48 34 12 78 56	2	muls wa, (xbc)	2	muls XWA,(XBC)	REG_DIFF	
90+r	91 49 34 12 78 56	2	muls bc, (xbc)	2	muls XBC,(XBC)	REG_DIFF	
90+r	91 4a 34 12 78 56	2	muls de, (xbc)	2	muls XDE,(XBC)	REG_DIFF	
90+r	91 4b 34 12 78 56	2	muls hl, (xbc)	2	muls XHL,(XBC)	REG_DIFF	
90+r	91 4c 34 12 78 56	2	muls ix, (xbc)	2	muls XIX,(XBC)	REG_DIFF	
90+r	91 4d 34 12 78 56	2	muls iy, (xbc)	2	muls XIY,(XBC)	REG_DIFF	
90+r	91 4e 34 12 78 56	2	muls iz, (xbc)	2	muls XIZ,(XBC)	REG_DIFF	
90+r	91 4f 34 12 78 56	2	muls sp, (xbc)	2	muls XSP,(XBC)	REG_DIFF	
90+r	91 50 34 12 78 56	2	div wa, (xbc)	2	div XWA,(XBC)	REG_DIFF	
90+r	91 51 34 12 78 56	2	div bc, (xbc)	2	div XBC,(XBC)	REG_DIFF	
90+r	91 52 34 12 78 56	2	div de, (xbc)	2	div XDE,(XBC)	REG_DIFF	
90+r	91 53 34 12 78 56	2	div hl, (xbc)	2	div XHL,(XBC)	REG_DIFF	
90+r	91 54 34 12 78 56	2	div ix, (xbc)	2	div XIX,(XBC)	REG_DIFF	
90+r	91 55 34 12 78 56	2	div iy, (xbc)	2	div XIY,(XBC)	REG_DIFF	
90+r	91 56 34 12 78 56	2	div iz, (xbc)	2	div XIZ,(XBC)	REG_DIFF	
90+r	91 57 34 12 78 56	2	div sp, (xbc)	2	div XSP,(XBC)	REG_DIFF	
90+r	91 58 34 12 78 56	2	divs wa, (xbc)	2	divs XWA,(XBC)	REG_DIFF	
90+r	91 59 34 12 78 56	2	divs bc, (xbc)	2	divs XBC,(XBC)	REG_DIFF	
90+r	91 5a 34 12 78 56	2	divs de, (xbc)	2	divs XDE,(XBC)	REG_DIFF	
90+r	91 5b 34 12 78 56	2	divs hl, (xbc)	2	divs XHL,(XBC)	REG_DIFF	
90+r	91 5c 34 12 78 56	2	divs ix, (xbc)	2	divs XIX,(XBC)	REG_DIFF	
90+r	91 5d 34 12 78 56	2	divs iy, (xbc)	2	divs XIY,(XBC)	REG_DIFF	
90+r	91 5e 34 12 78 56	2	divs iz, (xbc)	2	divs XIZ,(XBC)	REG_DIFF	
90+r	91 5f 34 12 78 56	2	divs sp, (xbc)	2	divs XSP,(XBC)	REG_DIFF	
98+r:d8	99 05 40 34 12 78 56	3	mul wa, (xbc+5)	3	mul XWA,(XBC+0x05)	REG_DIFF	
98+r:d8	99 05 41 34 12 78 56	3	mul bc, (xbc+5)	3	mul XBC,(XBC+0x05)	REG_DIFF	
98+r:d8	99 05 42 34 12 78 56	3	mul de, (xbc+5)	3	mul XDE,(XBC+0x05)	REG_DIFF	
98+r:d8	99 05 43 34 12 78 56	3	mul hl, (xbc+5)	3	mul XHL,(XBC+0x05)	REG_DIFF	
98+r:d8	99 05 44 34 12 78 56	3	mul ix, (xbc+5)	3	mul XIX,(XBC+0x05)	REG_DIFF	
98+r:d8	99 05 45 34 12 78 56	3	mul iy, (xbc+5)	3	mul XIY,(XBC+0x05)	REG_DIFF	
98+r:d8	99 05 46 34 12 78 56	3	mul iz, (xbc+5)	3	mul XIZ,(XBC+0x05)	REG_DIFF	
98+r:d8	99 05 47 34 12 78 56	3	mul sp, (xbc+5)	3	mul XSP,(XBC+0x05)	REG_DIFF	
98+r:d8	99 05 48 34 12 78 56	3	muls wa, (xbc+5)	3	muls XWA,(XBC+0x05)	REG_DIFF	
98+r:d8	99 05 49 34 12 78 56	3	muls bc, (xbc+5)	3	muls XBC,(XBC+0x05)	REG_DIFF	
98+r:d8	99 05 4a 34 12 78 56	3	muls de, (xbc+5)	3	muls XDE,(XBC+0x05)	REG_DIFF	
98+r:d8	99 05 4b 34 12 78 56	3	muls hl, (xbc+5)	3	muls XHL,(XBC+0x05)	REG_DIFF	
98+r:d8	99 05 4c 34 12 78 56	3	muls ix, (xbc+5)	3	muls XIX,(XBC+0x05)	REG_DIFF	
98+r:d8	99 05 4d 34 12 78 56	3	muls iy, (xbc+5)	3	muls XIY,(XBC+0x05)	REG_DIFF	
98+r:d8	99 05 4e 34 12 78 56	3	muls iz, (xbc+5)	3	muls XIZ,(XBC+0x05)	REG_DIFF	
98+r:d8	99 05 4f 34 12 78 56	3	muls sp, (xbc+5)	3	muls XSP,(XBC+0x05)	REG_DIFF	
98+r:d8	99 05 50 34 12 78 56	3	div wa, (xbc+5)	3	div XWA,(XBC+0x05)	REG_DIFF	
98+r:d8	99 05 51 34 12 78 56	3	div bc, (xbc+5)	3	div XBC,(XBC+0x05)	REG_DIFF	
98+r:d8	99 05 52 34 12 78 56	3	div de, (xbc+5)	3	div XDE,(XBC+0x05)	REG_DIFF	
98+r:d8	99 05 53 34 12 78 56	3	div hl, (xbc+5)	3	div XHL,(XBC+0x05)	REG_DIFF	
98+r:d8	99 05 54 34 12 78 56	3	div ix, (xbc+5)	3	div XIX,(XBC+0x05)	REG_DIFF	
98+r:d8	99 05 55 34 12 78 56	3	div iy, (xbc+5)	3	div XIY,(XBC+0x05)	REG_DIFF	
98+r:d8	99 05 56 34 12 78 56	3	div iz, (xbc+5)	3	div XIZ,(XBC+0x05)	REG_DIFF	
98+r:d8	99 05 57 34 12 78 56	3	div sp, (xbc+5)	3	div XSP,(XBC+0x05)	REG_DIFF	
98+r:d8	99 05 58 34 12 78 56	3	divs wa, (xbc+5)	3	divs XWA,(XBC+0x05)	REG_DIFF	
98+r:d8	99 05 59 34 12 78 56	3	divs bc, (xbc+5)	3	divs XBC,(XBC+0x05)	REG_DIFF	
98+r:d8	99 05 5a 34 12 78 56	3	divs de, (xbc+5)	3	divs XDE,(XBC+0x05)	REG_DIFF	
98+r:d8	99 05 5b 34 12 78 56	3	divs hl, (xbc+5)	3	divs XHL,(XBC+0x05)	REG_DIFF	
98+r:d8	99 05 5c 34 12 78 56	3	divs ix, (xbc+5)	3	divs XIX,(XBC+0x05)	REG_DIFF	
98+r:d8	99 05 5d 34 12 78 56	3	divs iy, (xbc+5)	3	divs XIY,(XBC+0x05)	REG_DIFF	
98+r:d8	99 05 5e 34 12 78 56	3	divs iz, (xbc+5)	3	divs XIZ,(XBC+0x05)	REG_DIFF	
98+r:d8	99 05 5f 34 12 78 56	3	divs sp, (xbc+5)	3	divs XSP,(XBC+0x05)	REG_DIFF	
B0+r	b1 f0 34 12 78 56	2	ret_cc_ri xbc, 0	2	ret F	MNEM_DIFF	
B0+r	b1 f1 34 12 78 56	2	ret_cc_ri xbc, 1	2	ret LT	MNEM_DIFF	
B0+r	b1 f2 34 12 78 56	2	ret_cc_ri xbc, 2	2	ret LE	MNEM_DIFF	
B0+r	b1 f3 34 12 78 56	2	ret_cc_ri xbc, 3	2	ret ULE	MNEM_DIFF	
B0+r	b1 f4 34 12 78 56	2	ret_cc_ri xbc, 4	2	ret PE/OV	MNEM_DIFF	
B0+r	b1 f5 34 12 78 56	2	ret_cc_ri xbc, 5	2	ret M/MI	MNEM_DIFF	
B0+r	b1 f6 34 12 78 56	2	ret_cc_ri xbc, 6	2	ret Z	MNEM_DIFF	
B0+r	b1 f7 34 12 78 56	2	ret_cc_ri xbc, 7	2	ret C	MNEM_DIFF	
B0+r	b1 f8 34 12 78 56	2	ret_cc_ri xbc, 8	2	ret T	MNEM_DIFF	
B0+r	b1 f9 34 12 78 56	2	ret_cc_ri xbc, 9	2	ret GE	MNEM_DIFF	
B0+r	b1 fa 34 12 78 56	2	ret_cc_ri xbc, 10	2	ret GT	MNEM_DIFF	
B0+r	b1 fb 34 12 78 56	2	ret_cc_ri xbc, 11	2	ret UGT	MNEM_DIFF	
B0+r	b1 fc 34 12 78 56	2	ret_cc_ri xbc, 12	2	ret PO/NOV	MNEM_DIFF	
B0+r	b1 fd 34 12 78 56	2	ret_cc_ri xbc, 13	2	ret P/PL	MNEM_DIFF	
B0+r	b1 fe 34 12 78 56	2	ret_cc_ri xbc, 14	2	ret NZ	MNEM_DIFF	
B0+r	b1 ff 34 12 78 56	2	ret_cc_ri xbc, 15	2	ret NC	MNEM_DIFF	
C0:a8	c0 1e 40 34 12 78 56	3	mul w, (30:8)	3	mul ??,(0x1e)	REG_DIFF	
C0:a8	c0 1e 41 34 12 78 56	3	mul a, (30:8)	3	mul WA,(0x1e)	REG_DIFF	
C0:a8	c0 1e 42 34 12 78 56	3	mul b, (30:8)	3	mul ??,(0x1e)	REG_DIFF	
C0:a8	c0 1e 43 34 12 78 56	3	mul c, (30:8)	3	mul BC,(0x1e)	REG_DIFF	
C0:a8	c0 1e 44 34 12 78 56	3	mul d, (30:8)	3	mul ??,(0x1e)	REG_DIFF	
C0:a8	c0 1e 45 34 12 78 56	3	mul e, (30:8)	3	mul DE,(0x1e)	REG_DIFF	
C0:a8	c0 1e 46 34 12 78 56	3	mul h, (30:8)	3	mul ??,(0x1e)	REG_DIFF	
C0:a8	c0 1e 47 34 12 78 56	3	mul l, (30:8)	3	mul HL,(0x1e)	REG_DIFF	
C0:a8	c0 1e 48 34 12 78 56	3	muls w, (30:8)	3	muls ??,(0x1e)	REG_DIFF	
C0:a8	c0 1e 49 34 12 78 56	3	muls a, (30:8)	3	muls WA,(0x1e)	REG_DIFF	
C0:a8	c0 1e 4a 34 12 78 56	3	muls b, (30:8)	3	muls ??,(0x1e)	REG_DIFF	
C0:a8	c0 1e 4b 34 12 78 56	3	muls c, (30:8)	3	muls BC,(0x1e)	REG_DIFF	
C0:a8	c0 1e 4c 34 12 78 56	3	muls d, (30:8)	3	muls ??,(0x1e)	REG_DIFF	
C0:a8	c0 1e 4d 34 12 78 56	3	muls e, (30:8)	3	muls DE,(0x1e)	REG_DIFF	
C0:a8	c0 1e 4e 34 12 78 56	3	muls h, (30:8)	3	muls ??,(0x1e)	REG_DIFF	
C0:a8	c0 1e 4f 34 12 78 56	3	muls l, (30:8)	3	muls HL,(0x1e)	REG_DIFF	
C0:a8	c0 1e 50 34 12 78 56	3	div w, (30:8)	3	div ??,(0x1e)	REG_DIFF	
C0:a8	c0 1e 51 34 12 78 56	3	div a, (30:8)	3	div WA,(0x1e)	REG_DIFF	
C0:a8	c0 1e 52 34 12 78 56	3	div b, (30:8)	3	div ??,(0x1e)	REG_DIFF	
C0:a8	c0 1e 53 34 12 78 56	3	div c, (30:8)	3	div BC,(0x1e)	REG_DIFF	
C0:a8	c0 1e 54 34 12 78 56	3	div d, (30:8)	3	div ??,(0x1e)	REG_DIFF	
C0:a8	c0 1e 55 34 12 78 56	3	div e, (30:8)	3	div DE,(0x1e)	REG_DIFF	
C0:a8	c0 1e 56 34 12 78 56	3	div h, (30:8)	3	div ??,(0x1e)	REG_DIFF	
C0:a8	c0 1e 57 34 12 78 56	3	div l, (30:8)	3	div HL,(0x1e)	REG_DIFF	
C0:a8	c0 1e 58 34 12 78 56	3	divs w, (30:8)	3	divs ??,(0x1e)	REG_DIFF	
C0:a8	c0 1e 59 34 12 78 56	3	divs a, (30:8)	3	divs WA,(0x1e)	REG_DIFF	
C0:a8	c0 1e 5a 34 12 78 56	3	divs b, (30:8)	3	divs ??,(0x1e)	REG_DIFF	
C0:a8	c0 1e 5b 34 12 78 56	3	divs c, (30:8)	3	divs BC,(0x1e)	REG_DIFF	
C0:a8	c0 1e 5c 34 12 78 56	3	divs d, (30:8)	3	divs ??,(0x1e)	REG_DIFF	
C0:a8	c0 1e 5d 34 12 78 56	3	divs e, (30:8)	3	divs DE,(0x1e)	REG_DIFF	
C0:a8	c0 1e 5e 34 12 78 56	3	divs h, (30:8)	3	divs ??,(0x1e)	REG_DIFF	
C0:a8	c0 1e 5f 34 12 78 56	3	divs l, (30:8)	3	divs HL,(0x1e)	REG_DIFF	
C1:a16	c1 1e 23 40 34 12 78 56	4	mul w, (8990:16)	4	mul ??,(0x231e)	REG_DIFF	
C1:a16	c1 1e 23 41 34 12 78 56	4	mul a, (8990:16)	4	mul WA,(0x231e)	REG_DIFF	
C1:a16	c1 1e 23 42 34 12 78 56	4	mul b, (8990:16)	4	mul ??,(0x231e)	REG_DIFF	
C1:a16	c1 1e 23 43 34 12 78 56	4	mul c, (8990:16)	4	mul BC,(0x231e)	REG_DIFF	
C1:a16	c1 1e 23 44 34 12 78 56	4	mul d, (8990:16)	4	mul ??,(0x231e)	REG_DIFF	
C1:a16	c1 1e 23 45 34 12 78 56	4	mul e, (8990:16)	4	mul DE,(0x231e)	REG_DIFF	
C1:a16	c1 1e 23 46 34 12 78 56	4	mul h, (8990:16)	4	mul ??,(0x231e)	REG_DIFF	
C1:a16	c1 1e 23 47 34 12 78 56	4	mul l, (8990:16)	4	mul HL,(0x231e)	REG_DIFF	
C1:a16	c1 1e 23 48 34 12 78 56	4	muls w, (8990:16)	4	muls ??,(0x231e)	REG_DIFF	
C1:a16	c1 1e 23 49 34 12 78 56	4	muls a, (8990:16)	4	muls WA,(0x231e)	REG_DIFF	
C1:a16	c1 1e 23 4a 34 12 78 56	4	muls b, (8990:16)	4	muls ??,(0x231e)	REG_DIFF	
C1:a16	c1 1e 23 4b 34 12 78 56	4	muls c, (8990:16)	4	muls BC,(0x231e)	REG_DIFF	
C1:a16	c1 1e 23 4c 34 12 78 56	4	muls d, (8990:16)	4	muls ??,(0x231e)	REG_DIFF	
C1:a16	c1 1e 23 4d 34 12 78 56	4	muls e, (8990:16)	4	muls DE,(0x231e)	REG_DIFF	
C1:a16	c1 1e 23 4e 34 12 78 56	4	muls h, (8990:16)	4	muls ??,(0x231e)	REG_DIFF	
C1:a16	c1 1e 23 4f 34 12 78 56	4	muls l, (8990:16)	4	muls HL,(0x231e)	REG_DIFF	
C1:a16	c1 1e 23 50 34 12 78 56	4	div w, (8990:16)	4	div ??,(0x231e)	REG_DIFF	
C1:a16	c1 1e 23 51 34 12 78 56	4	div a, (8990:16)	4	div WA,(0x231e)	REG_DIFF	
C1:a16	c1 1e 23 52 34 12 78 56	4	div b, (8990:16)	4	div ??,(0x231e)	REG_DIFF	
C1:a16	c1 1e 23 53 34 12 78 56	4	div c, (8990:16)	4	div BC,(0x231e)	REG_DIFF	
C1:a16	c1 1e 23 54 34 12 78 56	4	div d, (8990:16)	4	div ??,(0x231e)	REG_DIFF	
C1:a16	c1 1e 23 55 34 12 78 56	4	div e, (8990:16)	4	div DE,(0x231e)	REG_DIFF	
C1:a16	c1 1e 23 56 34 12 78 56	4	div h, (8990:16)	4	div ??,(0x231e)	REG_DIFF	
C1:a16	c1 1e 23 57 34 12 78 56	4	div l, (8990:16)	4	div HL,(0x231e)	REG_DIFF	
C1:a16	c1 1e 23 58 34 12 78 56	4	divs w, (8990:16)	4	divs ??,(0x231e)	REG_DIFF	
C1:a16	c1 1e 23 59 34 12 78 56	4	divs a, (8990:16)	4	divs WA,(0x231e)	REG_DIFF	
C1:a16	c1 1e 23 5a 34 12 78 56	4	divs b, (8990:16)	4	divs ??,(0x231e)	REG_DIFF	
C1:a16	c1 1e 23 5b 34 12 78 56	4	divs c, (8990:16)	4	divs BC,(0x231e)	REG_DIFF	
C1:a16	c1 1e 23 5c 34 12 78 56	4	divs d, (8990:16)	4	divs ??,(0x231e)	REG_DIFF	
C1:a16	c1 1e 23 5d 34 12 78 56	4	divs e, (8990:16)	4	divs DE,(0x231e)	REG_DIFF	
C1:a16	c1 1e 23 5e 34 12 78 56	4	divs h, (8990:16)	4	divs ??,(0x231e)	REG_DIFF	
C1:a16	c1 1e 23 5f 34 12 78 56	4	divs l, (8990:16)	4	divs HL,(0x231e)	REG_DIFF	
C2:a24	c2 1e 23 00 40 34 12 78 56	5	mul w, (8990:24)	5	mul ??,(0x00231e)	REG_DIFF	
C2:a24	c2 1e 23 00 41 34 12 78 56	5	mul a, (8990:24)	5	mul WA,(0x00231e)	REG_DIFF	
C2:a24	c2 1e 23 00 42 34 12 78 56	5	mul b, (8990:24)	5	mul ??,(0x00231e)	REG_DIFF	
C2:a24	c2 1e 23 00 43 34 12 78 56	5	mul c, (8990:24)	5	mul BC,(0x00231e)	REG_DIFF	
C2:a24	c2 1e 23 00 44 34 12 78 56	5	mul d, (8990:24)	5	mul ??,(0x00231e)	REG_DIFF	
C2:a24	c2 1e 23 00 45 34 12 78 56	5	mul e, (8990:24)	5	mul DE,(0x00231e)	REG_DIFF	
C2:a24	c2 1e 23 00 46 34 12 78 56	5	mul h, (8990:24)	5	mul ??,(0x00231e)	REG_DIFF	
C2:a24	c2 1e 23 00 47 34 12 78 56	5	mul l, (8990:24)	5	mul HL,(0x00231e)	REG_DIFF	
C2:a24	c2 1e 23 00 48 34 12 78 56	5	muls w, (8990:24)	5	muls ??,(0x00231e)	REG_DIFF	
C2:a24	c2 1e 23 00 49 34 12 78 56	5	muls a, (8990:24)	5	muls WA,(0x00231e)	REG_DIFF	
C2:a24	c2 1e 23 00 4a 34 12 78 56	5	muls b, (8990:24)	5	muls ??,(0x00231e)	REG_DIFF	
C2:a24	c2 1e 23 00 4b 34 12 78 56	5	muls c, (8990:24)	5	muls BC,(0x00231e)	REG_DIFF	
C2:a24	c2 1e 23 00 4c 34 12 78 56	5	muls d, (8990:24)	5	muls ??,(0x00231e)	REG_DIFF	
C2:a24	c2 1e 23 00 4d 34 12 78 56	5	muls e, (8990:24)	5	muls DE,(0x00231e)	REG_DIFF	
C2:a24	c2 1e 23 00 4e 34 12 78 56	5	muls h, (8990:24)	5	muls ??,(0x00231e)	REG_DIFF	
C2:a24	c2 1e 23 00 4f 34 12 78 56	5	muls l, (8990:24)	5	muls HL,(0x00231e)	REG_DIFF	
C2:a24	c2 1e 23 00 50 34 12 78 56	5	div w, (8990:24)	5	div ??,(0x00231e)	REG_DIFF	
C2:a24	c2 1e 23 00 51 34 12 78 56	5	div a, (8990:24)	5	div WA,(0x00231e)	REG_DIFF	
C2:a24	c2 1e 23 00 52 34 12 78 56	5	div b, (8990:24)	5	div ??,(0x00231e)	REG_DIFF	
C2:a24	c2 1e 23 00 53 34 12 78 56	5	div c, (8990:24)	5	div BC,(0x00231e)	REG_DIFF	
C2:a24	c2 1e 23 00 54 34 12 78 56	5	div d, (8990:24)	5	div ??,(0x00231e)	REG_DIFF	
C2:a24	c2 1e 23 00 55 34 12 78 56	5	div e, (8990:24)	5	div DE,(0x00231e)	REG_DIFF	
C2:a24	c2 1e 23 00 56 34 12 78 56	5	div h, (8990:24)	5	div ??,(0x00231e)	REG_DIFF	
C2:a24	c2 1e 23 00 57 34 12 78 56	5	div l, (8990:24)	5	div HL,(0x00231e)	REG_DIFF	
C2:a24	c2 1e 23 00 58 34 12 78 56	5	divs w, (8990:24)	5	divs ??,(0x00231e)	REG_DIFF	
C2:a24	c2 1e 23 00 59 34 12 78 56	5	divs a, (8990:24)	5	divs WA,(0x00231e)	REG_DIFF	
C2:a24	c2 1e 23 00 5a 34 12 78 56	5	divs b, (8990:24)	5	divs ??,(0x00231e)	REG_DIFF	
C2:a24	c2 1e 23 00 5b 34 12 78 56	5	divs c, (8990:24)	5	divs BC,(0x00231e)	REG_DIFF	
C2:a24	c2 1e 23 00 5c 34 12 78 56	5	divs d, (8990:24)	5	divs ??,(0x00231e)	REG_DIFF	
C2:a24	c2 1e 23 00 5d 34 12 78 56	5	divs e, (8990:24)	5	divs DE,(0x00231e)	REG_DIFF	
C2:a24	c2 1e 23 00 5e 34 12 78 56	5	divs h, (8990:24)	5	divs ??,(0x00231e)	REG_DIFF	
C2:a24	c2 1e 23 00 5f 34 12 78 56	5	divs l, (8990:24)	5	divs HL,(0x00231e)	REG_DIFF	
C3:d16	c3 e5 34 12 40 34 12 78 56	5	mul w, (xbc+4660)	5	mul ??,(XBC+0x1234)	REG_DIFF	
C3:d16	c3 e5 34 12 41 34 12 78 56	5	mul a, (xbc+4660)	5	mul WA,(XBC+0x1234)	REG_DIFF	
C3:d16	c3 e5 34 12 42 34 12 78 56	5	mul b, (xbc+4660)	5	mul ??,(XBC+0x1234)	REG_DIFF	
C3:d16	c3 e5 34 12 43 34 12 78 56	5	mul c, (xbc+4660)	5	mul BC,(XBC+0x1234)	REG_DIFF	
C3:d16	c3 e5 34 12 44 34 12 78 56	5	mul d, (xbc+4660)	5	mul ??,(XBC+0x1234)	REG_DIFF	
C3:d16	c3 e5 34 12 45 34 12 78 56	5	mul e, (xbc+4660)	5	mul DE,(XBC+0x1234)	REG_DIFF	
C3:d16	c3 e5 34 12 46 34 12 78 56	5	mul h, (xbc+4660)	5	mul ??,(XBC+0x1234)	REG_DIFF	
C3:d16	c3 e5 34 12 47 34 12 78 56	5	mul l, (xbc+4660)	5	mul HL,(XBC+0x1234)	REG_DIFF	
C3:d16	c3 e5 34 12 48 34 12 78 56	5	muls w, (xbc+4660)	5	muls ??,(XBC+0x1234)	REG_DIFF	
C3:d16	c3 e5 34 12 49 34 12 78 56	5	muls a, (xbc+4660)	5	muls WA,(XBC+0x1234)	REG_DIFF	
C3:d16	c3 e5 34 12 4a 34 12 78 56	5	muls b, (xbc+4660)	5	muls ??,(XBC+0x1234)	REG_DIFF	
C3:d16	c3 e5 34 12 4b 34 12 78 56	5	muls c, (xbc+4660)	5	muls BC,(XBC+0x1234)	REG_DIFF	
C3:d16	c3 e5 34 12 4c 34 12 78 56	5	muls d, (xbc+4660)	5	muls ??,(XBC+0x1234)	REG_DIFF	
C3:d16	c3 e5 34 12 4d 34 12 78 56	5	muls e, (xbc+4660)	5	muls DE,(XBC+0x1234)	REG_DIFF	
C3:d16	c3 e5 34 12 4e 34 12 78 56	5	muls h, (xbc+4660)	5	muls ??,(XBC+0x1234)	REG_DIFF	
C3:d16	c3 e5 34 12 4f 34 12 78 56	5	muls l, (xbc+4660)	5	muls HL,(XBC+0x1234)	REG_DIFF	
C3:d16	c3 e5 34 12 50 34 12 78 56	5	div w, (xbc+4660)	5	div ??,(XBC+0x1234)	REG_DIFF	
C3:d16	c3 e5 34 12 51 34 12 78 56	5	div a, (xbc+4660)	5	div WA,(XBC+0x1234)	REG_DIFF	
C3:d16	c3 e5 34 12 52 34 12 78 56	5	div b, (xbc+4660)	5	div ??,(XBC+0x1234)	REG_DIFF	
C3:d16	c3 e5 34 12 53 34 12 78 56	5	div c, (xbc+4660)	5	div BC,(XBC+0x1234)	REG_DIFF	
C3:d16	c3 e5 34 12 54 34 12 78 56	5	div d, (xbc+4660)	5	div ??,(XBC+0x1234)	REG_DIFF	
C3:d16	c3 e5 34 12 55 34 12 78 56	5	div e, (xbc+4660)	5	div DE,(XBC+0x1234)	REG_DIFF	
C3:d16	c3 e5 34 12 56 34 12 78 56	5	div h, (xbc+4660)	5	div ??,(XBC+0x1234)	REG_DIFF	
C3:d16	c3 e5 34 12 57 34 12 78 56	5	div l, (xbc+4660)	5	div HL,(XBC+0x1234)	REG_DIFF	
C3:d16	c3 e5 34 12 58 34 12 78 56	5	divs w, (xbc+4660)	5	divs ??,(XBC+0x1234)	REG_DIFF	
C3:d16	c3 e5 34 12 59 34 12 78 56	5	divs a, (xbc+4660)	5	divs WA,(XBC+0x1234)	REG_DIFF	
C3:d16	c3 e5 34 12 5a 34 12 78 56	5	divs b, (xbc+4660)	5	divs ??,(XBC+0x1234)	REG_DIFF	
C3:d16	c3 e5 34 12 5b 34 12 78 56	5	divs c, (xbc+4660)	5	divs BC,(XBC+0x1234)	REG_DIFF	
C3:d16	c3 e5 34 12 5c 34 12 78 56	5	divs d, (xbc+4660)	5	divs ??,(XBC+0x1234)	REG_DIFF	
C3:d16	c3 e5 34 12 5d 34 12 78 56	5	divs e, (xbc+4660)	5	divs DE,(XBC+0x1234)	REG_DIFF	
C3:d16	c3 e5 34 12 5e 34 12 78 56	5	divs h, (xbc+4660)	5	divs ??,(XBC+0x1234)	REG_DIFF	
C3:d16	c3 e5 34 12 5f 34 12 78 56	5	divs l, (xbc+4660)	5	divs HL,(XBC+0x1234)	REG_DIFF	
C4:-r	c4 e8 40 34 12 78 56	3	mul w, (-xde)	3	mul ??,(-XDE)	REG_DIFF	
C4:-r	c4 e8 41 34 12 78 56	3	mul a, (-xde)	3	mul WA,(-XDE)	REG_DIFF	
C4:-r	c4 e8 42 34 12 78 56	3	mul b, (-xde)	3	mul ??,(-XDE)	REG_DIFF	
C4:-r	c4 e8 43 34 12 78 56	3	mul c, (-xde)	3	mul BC,(-XDE)	REG_DIFF	
C4:-r	c4 e8 44 34 12 78 56	3	mul d, (-xde)	3	mul ??,(-XDE)	REG_DIFF	
C4:-r	c4 e8 45 34 12 78 56	3	mul e, (-xde)	3	mul DE,(-XDE)	REG_DIFF	
C4:-r	c4 e8 46 34 12 78 56	3	mul h, (-xde)	3	mul ??,(-XDE)	REG_DIFF	
C4:-r	c4 e8 47 34 12 78 56	3	mul l, (-xde)	3	mul HL,(-XDE)	REG_DIFF	
C4:-r	c4 e8 48 34 12 78 56	3	muls w, (-xde)	3	muls ??,(-XDE)	REG_DIFF	
C4:-r	c4 e8 49 34 12 78 56	3	muls a, (-xde)	3	muls WA,(-XDE)	REG_DIFF	
C4:-r	c4 e8 4a 34 12 78 56	3	muls b, (-xde)	3	muls ??,(-XDE)	REG_DIFF	
C4:-r	c4 e8 4b 34 12 78 56	3	muls c, (-xde)	3	muls BC,(-XDE)	REG_DIFF	
C4:-r	c4 e8 4c 34 12 78 56	3	muls d, (-xde)	3	muls ??,(-XDE)	REG_DIFF	
C4:-r	c4 e8 4d 34 12 78 56	3	muls e, (-xde)	3	muls DE,(-XDE)	REG_DIFF	
C4:-r	c4 e8 4e 34 12 78 56	3	muls h, (-xde)	3	muls ??,(-XDE)	REG_DIFF	
C4:-r	c4 e8 4f 34 12 78 56	3	muls l, (-xde)	3	muls HL,(-XDE)	REG_DIFF	
C4:-r	c4 e8 50 34 12 78 56	3	div w, (-xde)	3	div ??,(-XDE)	REG_DIFF	
C4:-r	c4 e8 51 34 12 78 56	3	div a, (-xde)	3	div WA,(-XDE)	REG_DIFF	
C4:-r	c4 e8 52 34 12 78 56	3	div b, (-xde)	3	div ??,(-XDE)	REG_DIFF	
C4:-r	c4 e8 53 34 12 78 56	3	div c, (-xde)	3	div BC,(-XDE)	REG_DIFF	
C4:-r	c4 e8 54 34 12 78 56	3	div d, (-xde)	3	div ??,(-XDE)	REG_DIFF	
C4:-r	c4 e8 55 34 12 78 56	3	div e, (-xde)	3	div DE,(-XDE)	REG_DIFF	
C4:-r	c4 e8 56 34 12 78 56	3	div h, (-xde)	3	div ??,(-XDE)	REG_DIFF	
C4:-r	c4 e8 57 34 12 78 56	3	div l, (-xde)	3	div HL,(-XDE)	REG_DIFF	
C4:-r	c4 e8 58 34 12 78 56	3	divs w, (-xde)	3	divs ??,(-XDE)	REG_DIFF	
C4:-r	c4 e8 59 34 12 78 56	3	divs a, (-xde)	3	divs WA,(-XDE)	REG_DIFF	
C4:-r	c4 e8 5a 34 12 78 56	3	divs b, (-xde)	3	divs ??,(-XDE)	REG_DIFF	
C4:-r	c4 e8 5b 34 12 78 56	3	divs c, (-xde)	3	divs BC,(-XDE)	REG_DIFF	
C4:-r	c4 e8 5c 34 12 78 56	3	divs d, (-xde)	3	divs ??,(-XDE)	REG_DIFF	
C4:-r	c4 e8 5d 34 12 78 56	3	divs e, (-xde)	3	divs DE,(-XDE)	REG_DIFF	
C4:-r	c4 e8 5e 34 12 78 56	3	divs h, (-xde)	3	divs ??,(-XDE)	REG_DIFF	
C4:-r	c4 e8 5f 34 12 78 56	3	divs l, (-xde)	3	divs HL,(-XDE)	REG_DIFF	
C5:r+	c5 e8 40 34 12 78 56	3	mul w, (xde+)	3	mul ??,(XDE+)	REG_DIFF	
C5:r+	c5 e8 41 34 12 78 56	3	mul a, (xde+)	3	mul WA,(XDE+)	REG_DIFF	
C5:r+	c5 e8 42 34 12 78 56	3	mul b, (xde+)	3	mul ??,(XDE+)	REG_DIFF	
C5:r+	c5 e8 43 34 12 78 56	3	mul c, (xde+)	3	mul BC,(XDE+)	REG_DIFF	
C5:r+	c5 e8 44 34 12 78 56	3	mul d, (xde+)	3	mul ??,(XDE+)	REG_DIFF	
C5:r+	c5 e8 45 34 12 78 56	3	mul e, (xde+)	3	mul DE,(XDE+)	REG_DIFF	
C5:r+	c5 e8 46 34 12 78 56	3	mul h, (xde+)	3	mul ??,(XDE+)	REG_DIFF	
C5:r+	c5 e8 47 34 12 78 56	3	mul l, (xde+)	3	mul HL,(XDE+)	REG_DIFF	
C5:r+	c5 e8 48 34 12 78 56	3	muls w, (xde+)	3	muls ??,(XDE+)	REG_DIFF	
C5:r+	c5 e8 49 34 12 78 56	3	muls a, (xde+)	3	muls WA,(XDE+)	REG_DIFF	
C5:r+	c5 e8 4a 34 12 78 56	3	muls b, (xde+)	3	muls ??,(XDE+)	REG_DIFF	
C5:r+	c5 e8 4b 34 12 78 56	3	muls c, (xde+)	3	muls BC,(XDE+)	REG_DIFF	
C5:r+	c5 e8 4c 34 12 78 56	3	muls d, (xde+)	3	muls ??,(XDE+)	REG_DIFF	
C5:r+	c5 e8 4d 34 12 78 56	3	muls e, (xde+)	3	muls DE,(XDE+)	REG_DIFF	
C5:r+	c5 e8 4e 34 12 78 56	3	muls h, (xde+)	3	muls ??,(XDE+)	REG_DIFF	
C5:r+	c5 e8 4f 34 12 78 56	3	muls l, (xde+)	3	muls HL,(XDE+)	REG_DIFF	
C5:r+	c5 e8 50 34 12 78 56	3	div w, (xde+)	3	div ??,(XDE+)	REG_DIFF	
C5:r+	c5 e8 51 34 12 78 56	3	div a, (xde+)	3	div WA,(XDE+)	REG_DIFF	
C5:r+	c5 e8 52 34 12 78 56	3	div b, (xde+)	3	div ??,(XDE+)	REG_DIFF	
C5:r+	c5 e8 53 34 12 78 56	3	div c, (xde+)	3	div BC,(XDE+)	REG_DIFF	
C5:r+	c5 e8 54 34 12 78 56	3	div d, (xde+)	3	div ??,(XDE+)	REG_DIFF	
C5:r+	c5 e8 55 34 12 78 56	3	div e, (xde+)	3	div DE,(XDE+)	REG_DIFF	
C5:r+	c5 e8 56 34 12 78 56	3	div h, (xde+)	3	div ??,(XDE+)	REG_DIFF	
C5:r+	c5 e8 57 34 12 78 56	3	div l, (xde+)	3	div HL,(XDE+)	REG_DIFF	
C5:r+	c5 e8 58 34 12 78 56	3	divs w, (xde+)	3	divs ??,(XDE+)	REG_DIFF	
C5:r+	c5 e8 59 34 12 78 56	3	divs a, (xde+)	3	divs WA,(XDE+)	REG_DIFF	
C5:r+	c5 e8 5a 34 12 78 56	3	divs b, (xde+)	3	divs ??,(XDE+)	REG_DIFF	
C5:r+	c5 e8 5b 34 12 78 56	3	divs c, (xde+)	3	divs BC,(XDE+)	REG_DIFF	
C5:r+	c5 e8 5c 34 12 78 56	3	divs d, (xde+)	3	divs ??,(XDE+)	REG_DIFF	
C5:r+	c5 e8 5d 34 12 78 56	3	divs e, (xde+)	3	divs DE,(XDE+)	REG_DIFF	
C5:r+	c5 e8 5e 34 12 78 56	3	divs h, (xde+)	3	divs ??,(XDE+)	REG_DIFF	
C5:r+	c5 e8 5f 34 12 78 56	3	divs l, (xde+)	3	divs HL,(XDE+)	REG_DIFF	
D0:a8	d0 1e 40 34 12 78 56	3	mul wa, (30:8)	3	mul XWA,(0x1e)	REG_DIFF	
D0:a8	d0 1e 41 34 12 78 56	3	mul bc, (30:8)	3	mul XBC,(0x1e)	REG_DIFF	
D0:a8	d0 1e 42 34 12 78 56	3	mul de, (30:8)	3	mul XDE,(0x1e)	REG_DIFF	
D0:a8	d0 1e 43 34 12 78 56	3	mul hl, (30:8)	3	mul XHL,(0x1e)	REG_DIFF	
D0:a8	d0 1e 44 34 12 78 56	3	mul ix, (30:8)	3	mul XIX,(0x1e)	REG_DIFF	
D0:a8	d0 1e 45 34 12 78 56	3	mul iy, (30:8)	3	mul XIY,(0x1e)	REG_DIFF	
D0:a8	d0 1e 46 34 12 78 56	3	mul iz, (30:8)	3	mul XIZ,(0x1e)	REG_DIFF	
D0:a8	d0 1e 47 34 12 78 56	3	mul sp, (30:8)	3	mul XSP,(0x1e)	REG_DIFF	
D0:a8	d0 1e 48 34 12 78 56	3	muls wa, (30:8)	3	muls XWA,(0x1e)	REG_DIFF	
D0:a8	d0 1e 49 34 12 78 56	3	muls bc, (30:8)	3	muls XBC,(0x1e)	REG_DIFF	
D0:a8	d0 1e 4a 34 12 78 56	3	muls de, (30:8)	3	muls XDE,(0x1e)	REG_DIFF	
D0:a8	d0 1e 4b 34 12 78 56	3	muls hl, (30:8)	3	muls XHL,(0x1e)	REG_DIFF	
D0:a8	d0 1e 4c 34 12 78 56	3	muls ix, (30:8)	3	muls XIX,(0x1e)	REG_DIFF	
D0:a8	d0 1e 4d 34 12 78 56	3	muls iy, (30:8)	3	muls XIY,(0x1e)	REG_DIFF	
D0:a8	d0 1e 4e 34 12 78 56	3	muls iz, (30:8)	3	muls XIZ,(0x1e)	REG_DIFF	
D0:a8	d0 1e 4f 34 12 78 56	3	muls sp, (30:8)	3	muls XSP,(0x1e)	REG_DIFF	
D0:a8	d0 1e 50 34 12 78 56	3	div wa, (30:8)	3	div XWA,(0x1e)	REG_DIFF	
D0:a8	d0 1e 51 34 12 78 56	3	div bc, (30:8)	3	div XBC,(0x1e)	REG_DIFF	
D0:a8	d0 1e 52 34 12 78 56	3	div de, (30:8)	3	div XDE,(0x1e)	REG_DIFF	
D0:a8	d0 1e 53 34 12 78 56	3	div hl, (30:8)	3	div XHL,(0x1e)	REG_DIFF	
D0:a8	d0 1e 54 34 12 78 56	3	div ix, (30:8)	3	div XIX,(0x1e)	REG_DIFF	
D0:a8	d0 1e 55 34 12 78 56	3	div iy, (30:8)	3	div XIY,(0x1e)	REG_DIFF	
D0:a8	d0 1e 56 34 12 78 56	3	div iz, (30:8)	3	div XIZ,(0x1e)	REG_DIFF	
D0:a8	d0 1e 57 34 12 78 56	3	div sp, (30:8)	3	div XSP,(0x1e)	REG_DIFF	
D0:a8	d0 1e 58 34 12 78 56	3	divs wa, (30:8)	3	divs XWA,(0x1e)	REG_DIFF	
D0:a8	d0 1e 59 34 12 78 56	3	divs bc, (30:8)	3	divs XBC,(0x1e)	REG_DIFF	
D0:a8	d0 1e 5a 34 12 78 56	3	divs de, (30:8)	3	divs XDE,(0x1e)	REG_DIFF	
D0:a8	d0 1e 5b 34 12 78 56	3	divs hl, (30:8)	3	divs XHL,(0x1e)	REG_DIFF	
D0:a8	d0 1e 5c 34 12 78 56	3	divs ix, (30:8)	3	divs XIX,(0x1e)	REG_DIFF	
D0:a8	d0 1e 5d 34 12 78 56	3	divs iy, (30:8)	3	divs XIY,(0x1e)	REG_DIFF	
D0:a8	d0 1e 5e 34 12 78 56	3	divs iz, (30:8)	3	divs XIZ,(0x1e)	REG_DIFF	
D0:a8	d0 1e 5f 34 12 78 56	3	divs sp, (30:8)	3	divs XSP,(0x1e)	REG_DIFF	
D1:a16	d1 1e 23 40 34 12 78 56	4	mul wa, (8990:16)	4	mul XWA,(0x231e)	REG_DIFF	
D1:a16	d1 1e 23 41 34 12 78 56	4	mul bc, (8990:16)	4	mul XBC,(0x231e)	REG_DIFF	
D1:a16	d1 1e 23 42 34 12 78 56	4	mul de, (8990:16)	4	mul XDE,(0x231e)	REG_DIFF	
D1:a16	d1 1e 23 43 34 12 78 56	4	mul hl, (8990:16)	4	mul XHL,(0x231e)	REG_DIFF	
D1:a16	d1 1e 23 44 34 12 78 56	4	mul ix, (8990:16)	4	mul XIX,(0x231e)	REG_DIFF	
D1:a16	d1 1e 23 45 34 12 78 56	4	mul iy, (8990:16)	4	mul XIY,(0x231e)	REG_DIFF	
D1:a16	d1 1e 23 46 34 12 78 56	4	mul iz, (8990:16)	4	mul XIZ,(0x231e)	REG_DIFF	
D1:a16	d1 1e 23 47 34 12 78 56	4	mul sp, (8990:16)	4	mul XSP,(0x231e)	REG_DIFF	
D1:a16	d1 1e 23 48 34 12 78 56	4	muls wa, (8990:16)	4	muls XWA,(0x231e)	REG_DIFF	
D1:a16	d1 1e 23 49 34 12 78 56	4	muls bc, (8990:16)	4	muls XBC,(0x231e)	REG_DIFF	
D1:a16	d1 1e 23 4a 34 12 78 56	4	muls de, (8990:16)	4	muls XDE,(0x231e)	REG_DIFF	
D1:a16	d1 1e 23 4b 34 12 78 56	4	muls hl, (8990:16)	4	muls XHL,(0x231e)	REG_DIFF	
D1:a16	d1 1e 23 4c 34 12 78 56	4	muls ix, (8990:16)	4	muls XIX,(0x231e)	REG_DIFF	
D1:a16	d1 1e 23 4d 34 12 78 56	4	muls iy, (8990:16)	4	muls XIY,(0x231e)	REG_DIFF	
D1:a16	d1 1e 23 4e 34 12 78 56	4	muls iz, (8990:16)	4	muls XIZ,(0x231e)	REG_DIFF	
D1:a16	d1 1e 23 4f 34 12 78 56	4	muls sp, (8990:16)	4	muls XSP,(0x231e)	REG_DIFF	
D1:a16	d1 1e 23 50 34 12 78 56	4	div wa, (8990:16)	4	div XWA,(0x231e)	REG_DIFF	
D1:a16	d1 1e 23 51 34 12 78 56	4	div bc, (8990:16)	4	div XBC,(0x231e)	REG_DIFF	
D1:a16	d1 1e 23 52 34 12 78 56	4	div de, (8990:16)	4	div XDE,(0x231e)	REG_DIFF	
D1:a16	d1 1e 23 53 34 12 78 56	4	div hl, (8990:16)	4	div XHL,(0x231e)	REG_DIFF	
D1:a16	d1 1e 23 54 34 12 78 56	4	div ix, (8990:16)	4	div XIX,(0x231e)	REG_DIFF	
D1:a16	d1 1e 23 55 34 12 78 56	4	div iy, (8990:16)	4	div XIY,(0x231e)	REG_DIFF	
D1:a16	d1 1e 23 56 34 12 78 56	4	div iz, (8990:16)	4	div XIZ,(0x231e)	REG_DIFF	
D1:a16	d1 1e 23 57 34 12 78 56	4	div sp, (8990:16)	4	div XSP,(0x231e)	REG_DIFF	
D1:a16	d1 1e 23 58 34 12 78 56	4	divs wa, (8990:16)	4	divs XWA,(0x231e)	REG_DIFF	
D1:a16	d1 1e 23 59 34 12 78 56	4	divs bc, (8990:16)	4	divs XBC,(0x231e)	REG_DIFF	
D1:a16	d1 1e 23 5a 34 12 78 56	4	divs de, (8990:16)	4	divs XDE,(0x231e)	REG_DIFF	
D1:a16	d1 1e 23 5b 34 12 78 56	4	divs hl, (8990:16)	4	divs XHL,(0x231e)	REG_DIFF	
D1:a16	d1 1e 23 5c 34 12 78 56	4	divs ix, (8990:16)	4	divs XIX,(0x231e)	REG_DIFF	
D1:a16	d1 1e 23 5d 34 12 78 56	4	divs iy, (8990:16)	4	divs XIY,(0x231e)	REG_DIFF	
D1:a16	d1 1e 23 5e 34 12 78 56	4	divs iz, (8990:16)	4	divs XIZ,(0x231e)	REG_DIFF	
D1:a16	d1 1e 23 5f 34 12 78 56	4	divs sp, (8990:16)	4	divs XSP,(0x231e)	REG_DIFF	
D2:a24	d2 1e 23 00 40 34 12 78 56	5	mul wa, (8990:24)	5	mul XWA,(0x00231e)	REG_DIFF	
D2:a24	d2 1e 23 00 41 34 12 78 56	5	mul bc, (8990:24)	5	mul XBC,(0x00231e)	REG_DIFF	
D2:a24	d2 1e 23 00 42 34 12 78 56	5	mul de, (8990:24)	5	mul XDE,(0x00231e)	REG_DIFF	
D2:a24	d2 1e 23 00 43 34 12 78 56	5	mul hl, (8990:24)	5	mul XHL,(0x00231e)	REG_DIFF	
D2:a24	d2 1e 23 00 44 34 12 78 56	5	mul ix, (8990:24)	5	mul XIX,(0x00231e)	REG_DIFF	
D2:a24	d2 1e 23 00 45 34 12 78 56	5	mul iy, (8990:24)	5	mul XIY,(0x00231e)	REG_DIFF	
D2:a24	d2 1e 23 00 46 34 12 78 56	5	mul iz, (8990:24)	5	mul XIZ,(0x00231e)	REG_DIFF	
D2:a24	d2 1e 23 00 47 34 12 78 56	5	mul sp, (8990:24)	5	mul XSP,(0x00231e)	REG_DIFF	
D2:a24	d2 1e 23 00 48 34 12 78 56	5	muls wa, (8990:24)	5	muls XWA,(0x00231e)	REG_DIFF	
D2:a24	d2 1e 23 00 49 34 12 78 56	5	muls bc, (8990:24)	5	muls XBC,(0x00231e)	REG_DIFF	
D2:a24	d2 1e 23 00 4a 34 12 78 56	5	muls de, (8990:24)	5	muls XDE,(0x00231e)	REG_DIFF	
D2:a24	d2 1e 23 00 4b 34 12 78 56	5	muls hl, (8990:24)	5	muls XHL,(0x00231e)	REG_DIFF	
D2:a24	d2 1e 23 00 4c 34 12 78 56	5	muls ix, (8990:24)	5	muls XIX,(0x00231e)	REG_DIFF	
D2:a24	d2 1e 23 00 4d 34 12 78 56	5	muls iy, (8990:24)	5	muls XIY,(0x00231e)	REG_DIFF	
D2:a24	d2 1e 23 00 4e 34 12 78 56	5	muls iz, (8990:24)	5	muls XIZ,(0x00231e)	REG_DIFF	
D2:a24	d2 1e 23 00 4f 34 12 78 56	5	muls sp, (8990:24)	5	muls XSP,(0x00231e)	REG_DIFF	
D2:a24	d2 1e 23 00 50 34 12 78 56	5	div wa, (8990:24)	5	div XWA,(0x00231e)	REG_DIFF	
D2:a24	d2 1e 23 00 51 34 12 78 56	5	div bc, (8990:24)	5	div XBC,(0x00231e)	REG_DIFF	
D2:a24	d2 1e 23 00 52 34 12 78 56	5	div de, (8990:24)	5	div XDE,(0x00231e)	REG_DIFF	
D2:a24	d2 1e 23 00 53 34 12 78 56	5	div hl, (8990:24)	5	div XHL,(0x00231e)	REG_DIFF	
D2:a24	d2 1e 23 00 54 34 12 78 56	5	div ix, (8990:24)	5	div XIX,(0x00231e)	REG_DIFF	
D2:a24	d2 1e 23 00 55 34 12 78 56	5	div iy, (8990:24)	5	div XIY,(0x00231e)	REG_DIFF	
D2:a24	d2 1e 23 00 56 34 12 78 56	5	div iz, (8990:24)	5	div XIZ,(0x00231e)	REG_DIFF	
D2:a24	d2 1e 23 00 57 34 12 78 56	5	div sp, (8990:24)	5	div XSP,(0x00231e)	REG_DIFF	
D2:a24	d2 1e 23 00 58 34 12 78 56	5	divs wa, (8990:24)	5	divs XWA,(0x00231e)	REG_DIFF	
D2:a24	d2 1e 23 00 59 34 12 78 56	5	divs bc, (8990:24)	5	divs XBC,(0x00231e)	REG_DIFF	
D2:a24	d2 1e 23 00 5a 34 12 78 56	5	divs de, (8990:24)	5	divs XDE,(0x00231e)	REG_DIFF	
D2:a24	d2 1e 23 00 5b 34 12 78 56	5	divs hl, (8990:24)	5	divs XHL,(0x00231e)	REG_DIFF	
D2:a24	d2 1e 23 00 5c 34 12 78 56	5	divs ix, (8990:24)	5	divs XIX,(0x00231e)	REG_DIFF	
D2:a24	d2 1e 23 00 5d 34 12 78 56	5	divs iy, (8990:24)	5	divs XIY,(0x00231e)	REG_DIFF	
D2:a24	d2 1e 23 00 5e 34 12 78 56	5	divs iz, (8990:24)	5	divs XIZ,(0x00231e)	REG_DIFF	
D2:a24	d2 1e 23 00 5f 34 12 78 56	5	divs sp, (8990:24)	5	divs XSP,(0x00231e)	REG_DIFF	
D3:d16	d3 e5 34 12 40 34 12 78 56	5	mul wa, (xbc+4660)	5	mul XWA,(XBC+0x1234)	REG_DIFF	
D3:d16	d3 e5 34 12 41 34 12 78 56	5	mul bc, (xbc+4660)	5	mul XBC,(XBC+0x1234)	REG_DIFF	
D3:d16	d3 e5 34 12 42 34 12 78 56	5	mul de, (xbc+4660)	5	mul XDE,(XBC+0x1234)	REG_DIFF	
D3:d16	d3 e5 34 12 43 34 12 78 56	5	mul hl, (xbc+4660)	5	mul XHL,(XBC+0x1234)	REG_DIFF	
D3:d16	d3 e5 34 12 44 34 12 78 56	5	mul ix, (xbc+4660)	5	mul XIX,(XBC+0x1234)	REG_DIFF	
D3:d16	d3 e5 34 12 45 34 12 78 56	5	mul iy, (xbc+4660)	5	mul XIY,(XBC+0x1234)	REG_DIFF	
D3:d16	d3 e5 34 12 46 34 12 78 56	5	mul iz, (xbc+4660)	5	mul XIZ,(XBC+0x1234)	REG_DIFF	
D3:d16	d3 e5 34 12 47 34 12 78 56	5	mul sp, (xbc+4660)	5	mul XSP,(XBC+0x1234)	REG_DIFF	
D3:d16	d3 e5 34 12 48 34 12 78 56	5	muls wa, (xbc+4660)	5	muls XWA,(XBC+0x1234)	REG_DIFF	
D3:d16	d3 e5 34 12 49 34 12 78 56	5	muls bc, (xbc+4660)	5	muls XBC,(XBC+0x1234)	REG_DIFF	
D3:d16	d3 e5 34 12 4a 34 12 78 56	5	muls de, (xbc+4660)	5	muls XDE,(XBC+0x1234)	REG_DIFF	
D3:d16	d3 e5 34 12 4b 34 12 78 56	5	muls hl, (xbc+4660)	5	muls XHL,(XBC+0x1234)	REG_DIFF	
D3:d16	d3 e5 34 12 4c 34 12 78 56	5	muls ix, (xbc+4660)	5	muls XIX,(XBC+0x1234)	REG_DIFF	
D3:d16	d3 e5 34 12 4d 34 12 78 56	5	muls iy, (xbc+4660)	5	muls XIY,(XBC+0x1234)	REG_DIFF	
D3:d16	d3 e5 34 12 4e 34 12 78 56	5	muls iz, (xbc+4660)	5	muls XIZ,(XBC+0x1234)	REG_DIFF	
D3:d16	d3 e5 34 12 4f 34 12 78 56	5	muls sp, (xbc+4660)	5	muls XSP,(XBC+0x1234)	REG_DIFF	
D3:d16	d3 e5 34 12 50 34 12 78 56	5	div wa, (xbc+4660)	5	div XWA,(XBC+0x1234)	REG_DIFF	
D3:d16	d3 e5 34 12 51 34 12 78 56	5	div bc, (xbc+4660)	5	div XBC,(XBC+0x1234)	REG_DIFF	
D3:d16	d3 e5 34 12 52 34 12 78 56	5	div de, (xbc+4660)	5	div XDE,(XBC+0x1234)	REG_DIFF	
D3:d16	d3 e5 34 12 53 34 12 78 56	5	div hl, (xbc+4660)	5	div XHL,(XBC+0x1234)	REG_DIFF	
D3:d16	d3 e5 34 12 54 34 12 78 56	5	div ix, (xbc+4660)	5	div XIX,(XBC+0x1234)	REG_DIFF	
D3:d16	d3 e5 34 12 55 34 12 78 56	5	div iy, (xbc+4660)	5	div XIY,(XBC+0x1234)	REG_DIFF	
D3:d16	d3 e5 34 12 56 34 12 78 56	5	div iz, (xbc+4660)	5	div XIZ,(XBC+0x1234)	REG_DIFF	
D3:d16	d3 e5 34 12 57 34 12 78 56	5	div sp, (xbc+4660)	5	div XSP,(XBC+0x1234)	REG_DIFF	
D3:d16	d3 e5 34 12 58 34 12 78 56	5	divs wa, (xbc+4660)	5	divs XWA,(XBC+0x1234)	REG_DIFF	
D3:d16	d3 e5 34 12 59 34 12 78 56	5	divs bc, (xbc+4660)	5	divs XBC,(XBC+0x1234)	REG_DIFF	
D3:d16	d3 e5 34 12 5a 34 12 78 56	5	divs de, (xbc+4660)	5	divs XDE,(XBC+0x1234)	REG_DIFF	
D3:d16	d3 e5 34 12 5b 34 12 78 56	5	divs hl, (xbc+4660)	5	divs XHL,(XBC+0x1234)	REG_DIFF	
D3:d16	d3 e5 34 12 5c 34 12 78 56	5	divs ix, (xbc+4660)	5	divs XIX,(XBC+0x1234)	REG_DIFF	
D3:d16	d3 e5 34 12 5d 34 12 78 56	5	divs iy, (xbc+4660)	5	divs XIY,(XBC+0x1234)	REG_DIFF	
D3:d16	d3 e5 34 12 5e 34 12 78 56	5	divs iz, (xbc+4660)	5	divs XIZ,(XBC+0x1234)	REG_DIFF	
D3:d16	d3 e5 34 12 5f 34 12 78 56	5	divs sp, (xbc+4660)	5	divs XSP,(XBC+0x1234)	REG_DIFF	
D4:-r	d4 e9 40 34 12 78 56	3	mul wa, (-xde)	3	mul XWA,(-XDE)	REG_DIFF	
D4:-r	d4 e9 41 34 12 78 56	3	mul bc, (-xde)	3	mul XBC,(-XDE)	REG_DIFF	
D4:-r	d4 e9 42 34 12 78 56	3	mul de, (-xde)	3	mul XDE,(-XDE)	REG_DIFF	
D4:-r	d4 e9 43 34 12 78 56	3	mul hl, (-xde)	3	mul XHL,(-XDE)	REG_DIFF	
D4:-r	d4 e9 44 34 12 78 56	3	mul ix, (-xde)	3	mul XIX,(-XDE)	REG_DIFF	
D4:-r	d4 e9 45 34 12 78 56	3	mul iy, (-xde)	3	mul XIY,(-XDE)	REG_DIFF	
D4:-r	d4 e9 46 34 12 78 56	3	mul iz, (-xde)	3	mul XIZ,(-XDE)	REG_DIFF	
D4:-r	d4 e9 47 34 12 78 56	3	mul sp, (-xde)	3	mul XSP,(-XDE)	REG_DIFF	
D4:-r	d4 e9 48 34 12 78 56	3	muls wa, (-xde)	3	muls XWA,(-XDE)	REG_DIFF	
D4:-r	d4 e9 49 34 12 78 56	3	muls bc, (-xde)	3	muls XBC,(-XDE)	REG_DIFF	
D4:-r	d4 e9 4a 34 12 78 56	3	muls de, (-xde)	3	muls XDE,(-XDE)	REG_DIFF	
D4:-r	d4 e9 4b 34 12 78 56	3	muls hl, (-xde)	3	muls XHL,(-XDE)	REG_DIFF	
D4:-r	d4 e9 4c 34 12 78 56	3	muls ix, (-xde)	3	muls XIX,(-XDE)	REG_DIFF	
D4:-r	d4 e9 4d 34 12 78 56	3	muls iy, (-xde)	3	muls XIY,(-XDE)	REG_DIFF	
D4:-r	d4 e9 4e 34 12 78 56	3	muls iz, (-xde)	3	muls XIZ,(-XDE)	REG_DIFF	
D4:-r	d4 e9 4f 34 12 78 56	3	muls sp, (-xde)	3	muls XSP,(-XDE)	REG_DIFF	
D4:-r	d4 e9 50 34 12 78 56	3	div wa, (-xde)	3	div XWA,(-XDE)	REG_DIFF	
D4:-r	d4 e9 51 34 12 78 56	3	div bc, (-xde)	3	div XBC,(-XDE)	REG_DIFF	
D4:-r	d4 e9 52 34 12 78 56	3	div de, (-xde)	3	div XDE,(-XDE)	REG_DIFF	
D4:-r	d4 e9 53 34 12 78 56	3	div hl, (-xde)	3	div XHL,(-XDE)	REG_DIFF	
D4:-r	d4 e9 54 34 12 78 56	3	div ix, (-xde)	3	div XIX,(-XDE)	REG_DIFF	
D4:-r	d4 e9 55 34 12 78 56	3	div iy, (-xde)	3	div XIY,(-XDE)	REG_DIFF	
D4:-r	d4 e9 56 34 12 78 56	3	div iz, (-xde)	3	div XIZ,(-XDE)	REG_DIFF	
D4:-r	d4 e9 57 34 12 78 56	3	div sp, (-xde)	3	div XSP,(-XDE)	REG_DIFF	
D4:-r	d4 e9 58 34 12 78 56	3	divs wa, (-xde)	3	divs XWA,(-XDE)	REG_DIFF	
D4:-r	d4 e9 59 34 12 78 56	3	divs bc, (-xde)	3	divs XBC,(-XDE)	REG_DIFF	
D4:-r	d4 e9 5a 34 12 78 56	3	divs de, (-xde)	3	divs XDE,(-XDE)	REG_DIFF	
D4:-r	d4 e9 5b 34 12 78 56	3	divs hl, (-xde)	3	divs XHL,(-XDE)	REG_DIFF	
D4:-r	d4 e9 5c 34 12 78 56	3	divs ix, (-xde)	3	divs XIX,(-XDE)	REG_DIFF	
D4:-r	d4 e9 5d 34 12 78 56	3	divs iy, (-xde)	3	divs XIY,(-XDE)	REG_DIFF	
D4:-r	d4 e9 5e 34 12 78 56	3	divs iz, (-xde)	3	divs XIZ,(-XDE)	REG_DIFF	
D4:-r	d4 e9 5f 34 12 78 56	3	divs sp, (-xde)	3	divs XSP,(-XDE)	REG_DIFF	
D5:r+	d5 e9 40 34 12 78 56	3	mul wa, (xde+)	3	mul XWA,(XDE+)	REG_DIFF	
D5:r+	d5 e9 41 34 12 78 56	3	mul bc, (xde+)	3	mul XBC,(XDE+)	REG_DIFF	
D5:r+	d5 e9 42 34 12 78 56	3	mul de, (xde+)	3	mul XDE,(XDE+)	REG_DIFF	
D5:r+	d5 e9 43 34 12 78 56	3	mul hl, (xde+)	3	mul XHL,(XDE+)	REG_DIFF	
D5:r+	d5 e9 44 34 12 78 56	3	mul ix, (xde+)	3	mul XIX,(XDE+)	REG_DIFF	
D5:r+	d5 e9 45 34 12 78 56	3	mul iy, (xde+)	3	mul XIY,(XDE+)	REG_DIFF	
D5:r+	d5 e9 46 34 12 78 56	3	mul iz, (xde+)	3	mul XIZ,(XDE+)	REG_DIFF	
D5:r+	d5 e9 47 34 12 78 56	3	mul sp, (xde+)	3	mul XSP,(XDE+)	REG_DIFF	
D5:r+	d5 e9 48 34 12 78 56	3	muls wa, (xde+)	3	muls XWA,(XDE+)	REG_DIFF	
D5:r+	d5 e9 49 34 12 78 56	3	muls bc, (xde+)	3	muls XBC,(XDE+)	REG_DIFF	
D5:r+	d5 e9 4a 34 12 78 56	3	muls de, (xde+)	3	muls XDE,(XDE+)	REG_DIFF	
D5:r+	d5 e9 4b 34 12 78 56	3	muls hl, (xde+)	3	muls XHL,(XDE+)	REG_DIFF	
D5:r+	d5 e9 4c 34 12 78 56	3	muls ix, (xde+)	3	muls XIX,(XDE+)	REG_DIFF	
D5:r+	d5 e9 4d 34 12 78 56	3	muls iy, (xde+)	3	muls XIY,(XDE+)	REG_DIFF	
D5:r+	d5 e9 4e 34 12 78 56	3	muls iz, (xde+)	3	muls XIZ,(XDE+)	REG_DIFF	
D5:r+	d5 e9 4f 34 12 78 56	3	muls sp, (xde+)	3	muls XSP,(XDE+)	REG_DIFF	
D5:r+	d5 e9 50 34 12 78 56	3	div wa, (xde+)	3	div XWA,(XDE+)	REG_DIFF	
D5:r+	d5 e9 51 34 12 78 56	3	div bc, (xde+)	3	div XBC,(XDE+)	REG_DIFF	
D5:r+	d5 e9 52 34 12 78 56	3	div de, (xde+)	3	div XDE,(XDE+)	REG_DIFF	
D5:r+	d5 e9 53 34 12 78 56	3	div hl, (xde+)	3	div XHL,(XDE+)	REG_DIFF	
D5:r+	d5 e9 54 34 12 78 56	3	div ix, (xde+)	3	div XIX,(XDE+)	REG_DIFF	
D5:r+	d5 e9 55 34 12 78 56	3	div iy, (xde+)	3	div XIY,(XDE+)	REG_DIFF	
D5:r+	d5 e9 56 34 12 78 56	3	div iz, (xde+)	3	div XIZ,(XDE+)	REG_DIFF	
D5:r+	d5 e9 57 34 12 78 56	3	div sp, (xde+)	3	div XSP,(XDE+)	REG_DIFF	
D5:r+	d5 e9 58 34 12 78 56	3	divs wa, (xde+)	3	divs XWA,(XDE+)	REG_DIFF	
D5:r+	d5 e9 59 34 12 78 56	3	divs bc, (xde+)	3	divs XBC,(XDE+)	REG_DIFF	
D5:r+	d5 e9 5a 34 12 78 56	3	divs de, (xde+)	3	divs XDE,(XDE+)	REG_DIFF	
D5:r+	d5 e9 5b 34 12 78 56	3	divs hl, (xde+)	3	divs XHL,(XDE+)	REG_DIFF	
D5:r+	d5 e9 5c 34 12 78 56	3	divs ix, (xde+)	3	divs XIX,(XDE+)	REG_DIFF	
D5:r+	d5 e9 5d 34 12 78 56	3	divs iy, (xde+)	3	divs XIY,(XDE+)	REG_DIFF	
D5:r+	d5 e9 5e 34 12 78 56	3	divs iz, (xde+)	3	divs XIZ,(XDE+)	REG_DIFF	
D5:r+	d5 e9 5f 34 12 78 56	3	divs sp, (xde+)	3	divs XSP,(XDE+)	REG_DIFF	
F0:a8	f0 1e 08 34 12 78 56	3	call_dd8 30	3	db	LLVM_ONLY	
F0:a8	f0 1e d0 34 12 78 56	3	jp_dd8 0, 30	3	jp F,0x1e	MNEM_DIFF	
F0:a8	f0 1e d1 34 12 78 56	3	jp_dd8 1, 30	3	jp LT,0x1e	MNEM_DIFF	
F0:a8	f0 1e d2 34 12 78 56	3	jp_dd8 2, 30	3	jp LE,0x1e	MNEM_DIFF	
F0:a8	f0 1e d3 34 12 78 56	3	jp_dd8 3, 30	3	jp ULE,0x1e	MNEM_DIFF	
F0:a8	f0 1e d4 34 12 78 56	3	jp_dd8 4, 30	3	jp PE/OV,0x1e	MNEM_DIFF	
F0:a8	f0 1e d5 34 12 78 56	3	jp_dd8 5, 30	3	jp M/MI,0x1e	MNEM_DIFF	
F0:a8	f0 1e d6 34 12 78 56	3	jp_dd8 6, 30	3	jp Z,0x1e	MNEM_DIFF	
F0:a8	f0 1e d7 34 12 78 56	3	jp_dd8 7, 30	3	jp C,0x1e	MNEM_DIFF	
F0:a8	f0 1e d8 34 12 78 56	3	jp_dd8 8, 30	3	jp T,0x1e	MNEM_DIFF	
F0:a8	f0 1e d9 34 12 78 56	3	jp_dd8 9, 30	3	jp GE,0x1e	MNEM_DIFF	
F0:a8	f0 1e da 34 12 78 56	3	jp_dd8 10, 30	3	jp GT,0x1e	MNEM_DIFF	
F0:a8	f0 1e db 34 12 78 56	3	jp_dd8 11, 30	3	jp UGT,0x1e	MNEM_DIFF	
F0:a8	f0 1e dc 34 12 78 56	3	jp_dd8 12, 30	3	jp PO/NOV,0x1e	MNEM_DIFF	
F0:a8	f0 1e dd 34 12 78 56	3	jp_dd8 13, 30	3	jp P/PL,0x1e	MNEM_DIFF	
F0:a8	f0 1e de 34 12 78 56	3	jp_dd8 14, 30	3	jp NZ,0x1e	MNEM_DIFF	
F0:a8	f0 1e df 34 12 78 56	3	jp_dd8 15, 30	3	jp NC,0x1e	MNEM_DIFF	
F1:a16	f1 1e 23 14 34 12 78 56	6	ld (8990:16), (4660)	6	ld (0x231e),(0x1234)	AGREE	ASYM
F1:a16	f1 1e 23 16 34 12 78 56	6	ldw (8990:16), (4660)	6	ldw (0x231e),(0x1234)	AGREE	ASYM
F2:a24	f2 1e 23 00 d0 34 12 78 56	5	jp_24 f, (8990)	5	jp F,0x00231e	MNEM_DIFF	
F2:a24	f2 1e 23 00 d1 34 12 78 56	5	jp_24 lt, (8990)	5	jp LT,0x00231e	MNEM_DIFF	
F2:a24	f2 1e 23 00 d2 34 12 78 56	5	jp_24 le, (8990)	5	jp LE,0x00231e	MNEM_DIFF	
F2:a24	f2 1e 23 00 d3 34 12 78 56	5	jp_24 ule, (8990)	5	jp ULE,0x00231e	MNEM_DIFF	
F2:a24	f2 1e 23 00 d4 34 12 78 56	5	jp_24 ov, (8990)	5	jp PE/OV,0x00231e	MNEM_DIFF	
F2:a24	f2 1e 23 00 d5 34 12 78 56	5	jp_24 mi, (8990)	5	jp M/MI,0x00231e	MNEM_DIFF	
F2:a24	f2 1e 23 00 d6 34 12 78 56	5	jp_24 z, (8990)	5	jp Z,0x00231e	MNEM_DIFF	
F2:a24	f2 1e 23 00 d7 34 12 78 56	5	jp_24 c, (8990)	5	jp C,0x00231e	MNEM_DIFF	
F2:a24	f2 1e 23 00 d8 34 12 78 56	5	jp_24 t, (8990)	5	jp T,0x00231e	MNEM_DIFF	
F2:a24	f2 1e 23 00 d9 34 12 78 56	5	jp_24 ge, (8990)	5	jp GE,0x00231e	MNEM_DIFF	
F2:a24	f2 1e 23 00 da 34 12 78 56	5	jp_24 gt, (8990)	5	jp GT,0x00231e	MNEM_DIFF	
F2:a24	f2 1e 23 00 db 34 12 78 56	5	jp_24 ugt, (8990)	5	jp UGT,0x00231e	MNEM_DIFF	
F2:a24	f2 1e 23 00 dc 34 12 78 56	5	jp_24 nov, (8990)	5	jp PO/NOV,0x00231e	MNEM_DIFF	
F2:a24	f2 1e 23 00 dd 34 12 78 56	5	jp_24 pl, (8990)	5	jp P/PL,0x00231e	MNEM_DIFF	
F2:a24	f2 1e 23 00 de 34 12 78 56	5	jp_24 nz, (8990)	5	jp NZ,0x00231e	MNEM_DIFF	
F2:a24	f2 1e 23 00 df 34 12 78 56	5	jp_24 nc, (8990)	5	jp NC,0x00231e	MNEM_DIFF	
F2:a24	f2 1e 23 00 e0 34 12 78 56	5	call_24 f, (8990)	5	call F,0x00231e	MNEM_DIFF	
F2:a24	f2 1e 23 00 e1 34 12 78 56	5	call_24 lt, (8990)	5	call LT,0x00231e	MNEM_DIFF	
F2:a24	f2 1e 23 00 e2 34 12 78 56	5	call_24 le, (8990)	5	call LE,0x00231e	MNEM_DIFF	
F2:a24	f2 1e 23 00 e3 34 12 78 56	5	call_24 ule, (8990)	5	call ULE,0x00231e	MNEM_DIFF	
F2:a24	f2 1e 23 00 e4 34 12 78 56	5	call_24 ov, (8990)	5	call PE/OV,0x00231e	MNEM_DIFF	
F2:a24	f2 1e 23 00 e5 34 12 78 56	5	call_24 mi, (8990)	5	call M/MI,0x00231e	MNEM_DIFF	
F2:a24	f2 1e 23 00 e6 34 12 78 56	5	call_24 z, (8990)	5	call Z,0x00231e	MNEM_DIFF	
F2:a24	f2 1e 23 00 e7 34 12 78 56	5	call_24 c, (8990)	5	call C,0x00231e	MNEM_DIFF	
F2:a24	f2 1e 23 00 e8 34 12 78 56	5	call_24 t, (8990)	5	call T,0x00231e	MNEM_DIFF	
F2:a24	f2 1e 23 00 e9 34 12 78 56	5	call_24 ge, (8990)	5	call GE,0x00231e	MNEM_DIFF	
F2:a24	f2 1e 23 00 ea 34 12 78 56	5	call_24 gt, (8990)	5	call GT,0x00231e	MNEM_DIFF	
F2:a24	f2 1e 23 00 eb 34 12 78 56	5	call_24 ugt, (8990)	5	call UGT,0x00231e	MNEM_DIFF	
F2:a24	f2 1e 23 00 ec 34 12 78 56	5	call_24 nov, (8990)	5	call PO/NOV,0x00231e	MNEM_DIFF	
F2:a24	f2 1e 23 00 ed 34 12 78 56	5	call_24 pl, (8990)	5	call P/PL,0x00231e	MNEM_DIFF	
F2:a24	f2 1e 23 00 ee 34 12 78 56	5	call_24 nz, (8990)	5	call NZ,0x00231e	MNEM_DIFF	
F2:a24	f2 1e 23 00 ef 34 12 78 56	5	call_24 nc, (8990)	5	call NC,0x00231e	MNEM_DIFF	
C8+r	c9 12 34 12 78 56	2	extz a	2	db	LLVM_ONLY	
C8+r	c9 13 34 12 78 56	2	exts a	2	db	LLVM_ONLY	
C8+r	c9 1c 34 12 78 56	3	djnz8 a, 52	3	djnz A,0x0201f7	MNEM_DIFF	
C8+r	c9 30 34 12 78 56	3	res 20, a	3	res 0x34,A	AGREE	ASYM
C8+r	c9 31 34 12 78 56	3	set 20, a	3	set 0x34,A	AGREE	ASYM
C8+r	c9 33 34 12 78 56	3	bit 20, a	3	bit 0x34,A	AGREE	ASYM
C8+r	c9 40 34 12 78 56	2	mul8rr w, a	2	mul ??,A	REG_DIFF	
C8+r	c9 41 34 12 78 56	2	mul8rr a, a	2	mul WA,A	REG_DIFF	
C8+r	c9 42 34 12 78 56	2	mul8rr b, a	2	mul ??,A	REG_DIFF	
C8+r	c9 43 34 12 78 56	2	mul8rr c, a	2	mul BC,A	REG_DIFF	
C8+r	c9 44 34 12 78 56	2	mul8rr d, a	2	mul ??,A	REG_DIFF	
C8+r	c9 45 34 12 78 56	2	mul8rr e, a	2	mul DE,A	REG_DIFF	
C8+r	c9 46 34 12 78 56	2	mul8rr h, a	2	mul ??,A	REG_DIFF	
C8+r	c9 47 34 12 78 56	2	mul8rr l, a	2	mul HL,A	REG_DIFF	
C8+r	c9 48 34 12 78 56	2	muls8rr w, a	2	muls ??,A	MNEM_DIFF	
C8+r	c9 49 34 12 78 56	2	muls8rr a, a	2	muls WA,A	MNEM_DIFF	
C8+r	c9 4a 34 12 78 56	2	muls8rr b, a	2	muls ??,A	MNEM_DIFF	
C8+r	c9 4b 34 12 78 56	2	muls8rr c, a	2	muls BC,A	MNEM_DIFF	
C8+r	c9 4c 34 12 78 56	2	muls8rr d, a	2	muls ??,A	MNEM_DIFF	
C8+r	c9 4d 34 12 78 56	2	muls8rr e, a	2	muls DE,A	MNEM_DIFF	
C8+r	c9 4e 34 12 78 56	2	muls8rr h, a	2	muls ??,A	MNEM_DIFF	
C8+r	c9 4f 34 12 78 56	2	muls8rr l, a	2	muls HL,A	MNEM_DIFF	
C8+r	c9 50 34 12 78 56	2	div8rr w, a	2	div ??,A	REG_DIFF	
C8+r	c9 51 34 12 78 56	2	div8rr a, a	2	div WA,A	REG_DIFF	
C8+r	c9 52 34 12 78 56	2	div8rr b, a	2	div ??,A	REG_DIFF	
C8+r	c9 53 34 12 78 56	2	div8rr c, a	2	div BC,A	REG_DIFF	
C8+r	c9 54 34 12 78 56	2	div8rr d, a	2	div ??,A	REG_DIFF	
C8+r	c9 55 34 12 78 56	2	div8rr e, a	2	div DE,A	REG_DIFF	
C8+r	c9 56 34 12 78 56	2	div8rr h, a	2	div ??,A	REG_DIFF	
C8+r	c9 57 34 12 78 56	2	div8rr l, a	2	div HL,A	REG_DIFF	
C8+r	c9 58 34 12 78 56	2	divs8rr w, a	2	divs ??,A	MNEM_DIFF	
C8+r	c9 59 34 12 78 56	2	divs8rr a, a	2	divs WA,A	MNEM_DIFF	
C8+r	c9 5a 34 12 78 56	2	divs8rr b, a	2	divs ??,A	MNEM_DIFF	
C8+r	c9 5b 34 12 78 56	2	divs8rr c, a	2	divs BC,A	MNEM_DIFF	
C8+r	c9 5c 34 12 78 56	2	divs8rr d, a	2	divs ??,A	MNEM_DIFF	
C8+r	c9 5d 34 12 78 56	2	divs8rr e, a	2	divs DE,A	MNEM_DIFF	
C8+r	c9 5e 34 12 78 56	2	divs8rr h, a	2	divs ??,A	MNEM_DIFF	
C8+r	c9 5f 34 12 78 56	2	divs8rr l, a	2	divs HL,A	MNEM_DIFF	
C8+r	c9 b8 34 12 78 56	2	ex8 w, a	2	ex W,A	MNEM_DIFF	
C8+r	c9 b9 34 12 78 56	2	ex8 a, a	2	ex A,A	MNEM_DIFF	
C8+r	c9 ba 34 12 78 56	2	ex8 b, a	2	ex B,A	MNEM_DIFF	
C8+r	c9 bb 34 12 78 56	2	ex8 c, a	2	ex C,A	MNEM_DIFF	
C8+r	c9 bc 34 12 78 56	2	ex8 d, a	2	ex D,A	MNEM_DIFF	
C8+r	c9 bd 34 12 78 56	2	ex8 e, a	2	ex E,A	MNEM_DIFF	
C8+r	c9 be 34 12 78 56	2	ex8 h, a	2	ex H,A	MNEM_DIFF	
C8+r	c9 bf 34 12 78 56	2	ex8 l, a	2	ex L,A	MNEM_DIFF	
C8+r	c9 e8 34 12 78 56	3	rlc a	3	rlc 0x34,A	AGREE	ASYM
C8+r	c9 e9 34 12 78 56	3	rrc a	3	rrc 0x34,A	AGREE	ASYM
C8+r	c9 ea 34 12 78 56	3	rl a	3	rl 0x34,A	AGREE	ASYM
C8+r	c9 eb 34 12 78 56	3	rr a	3	rr 0x34,A	AGREE	ASYM
D8+r	d9 1c 34 12 78 56	3	djnz16 bc, 52	3	djnz BC,0x0211f7	MNEM_DIFF	
D8+r	d9 30 34 12 78 56	3	res 20, bc	3	res 0x34,BC	AGREE	ASYM
D8+r	d9 31 34 12 78 56	3	set 20, bc	3	set 0x34,BC	AGREE	ASYM
D8+r	d9 32 34 12 78 56	3	chg 20, bc	3	chg 0x34,BC	AGREE	ASYM
D8+r	d9 33 34 12 78 56	3	bit 20, bc	3	bit 0x34,BC	AGREE	ASYM
D8+r	d9 40 34 12 78 56	2	mul xwa, xbc	2	mul XWA,BC	REG_DIFF	
D8+r	d9 41 34 12 78 56	2	mul xbc, xbc	2	mul XBC,BC	REG_DIFF	
D8+r	d9 42 34 12 78 56	2	mul xde, xbc	2	mul XDE,BC	REG_DIFF	
D8+r	d9 43 34 12 78 56	2	mul xhl, xbc	2	mul XHL,BC	REG_DIFF	
D8+r	d9 44 34 12 78 56	2	mul xix, xbc	2	mul XIX,BC	REG_DIFF	
D8+r	d9 45 34 12 78 56	2	mul xiy, xbc	2	mul XIY,BC	REG_DIFF	
D8+r	d9 46 34 12 78 56	2	mul xiz, xbc	2	mul XIZ,BC	REG_DIFF	
D8+r	d9 47 34 12 78 56	2	mul xsp, xbc	2	mul XSP,BC	REG_DIFF	
D8+r	d9 48 34 12 78 56	2	muls xwa, xbc	2	muls XWA,BC	REG_DIFF	
D8+r	d9 49 34 12 78 56	2	muls xbc, xbc	2	muls XBC,BC	REG_DIFF	
D8+r	d9 4a 34 12 78 56	2	muls xde, xbc	2	muls XDE,BC	REG_DIFF	
D8+r	d9 4b 34 12 78 56	2	muls xhl, xbc	2	muls XHL,BC	REG_DIFF	
D8+r	d9 4c 34 12 78 56	2	muls xix, xbc	2	muls XIX,BC	REG_DIFF	
D8+r	d9 4d 34 12 78 56	2	muls xiy, xbc	2	muls XIY,BC	REG_DIFF	
D8+r	d9 4e 34 12 78 56	2	muls xiz, xbc	2	muls XIZ,BC	REG_DIFF	
D8+r	d9 4f 34 12 78 56	2	muls xsp, xbc	2	muls XSP,BC	REG_DIFF	
D8+r	d9 50 34 12 78 56	2	div xwa, xbc	2	div XWA,BC	REG_DIFF	
D8+r	d9 51 34 12 78 56	2	div xbc, xbc	2	div XBC,BC	REG_DIFF	
D8+r	d9 52 34 12 78 56	2	div xde, xbc	2	div XDE,BC	REG_DIFF	
D8+r	d9 53 34 12 78 56	2	div xhl, xbc	2	div XHL,BC	REG_DIFF	
D8+r	d9 54 34 12 78 56	2	div xix, xbc	2	div XIX,BC	REG_DIFF	
D8+r	d9 55 34 12 78 56	2	div xiy, xbc	2	div XIY,BC	REG_DIFF	
D8+r	d9 56 34 12 78 56	2	div xiz, xbc	2	div XIZ,BC	REG_DIFF	
D8+r	d9 57 34 12 78 56	2	div xsp, xbc	2	div XSP,BC	REG_DIFF	
D8+r	d9 58 34 12 78 56	2	divs xwa, xbc	2	divs XWA,BC	REG_DIFF	
D8+r	d9 59 34 12 78 56	2	divs xbc, xbc	2	divs XBC,BC	REG_DIFF	
D8+r	d9 5a 34 12 78 56	2	divs xde, xbc	2	divs XDE,BC	REG_DIFF	
D8+r	d9 5b 34 12 78 56	2	divs xhl, xbc	2	divs XHL,BC	REG_DIFF	
D8+r	d9 5c 34 12 78 56	2	divs xix, xbc	2	divs XIX,BC	REG_DIFF	
D8+r	d9 5d 34 12 78 56	2	divs xiy, xbc	2	divs XIY,BC	REG_DIFF	
D8+r	d9 5e 34 12 78 56	2	divs xiz, xbc	2	divs XIZ,BC	REG_DIFF	
D8+r	d9 5f 34 12 78 56	2	divs xsp, xbc	2	divs XSP,BC	REG_DIFF	
D8+r	d9 b8 34 12 78 56	2	ex16 wa, bc	2	ex WA,BC	MNEM_DIFF	
D8+r	d9 b9 34 12 78 56	2	ex16 bc, bc	2	ex BC,BC	MNEM_DIFF	
D8+r	d9 ba 34 12 78 56	2	ex16 de, bc	2	ex DE,BC	MNEM_DIFF	
D8+r	d9 bb 34 12 78 56	2	ex16 hl, bc	2	ex HL,BC	MNEM_DIFF	
D8+r	d9 bc 34 12 78 56	2	ex16 ix, bc	2	ex IX,BC	MNEM_DIFF	
D8+r	d9 bd 34 12 78 56	2	ex16 iy, bc	2	ex IY,BC	MNEM_DIFF	
D8+r	d9 be 34 12 78 56	2	ex16 iz, bc	2	ex IZ,BC	MNEM_DIFF	
D8+r	d9 bf 34 12 78 56	2	ex16 sp, bc	2	ex SP,BC	MNEM_DIFF	
D8+r	d9 e8 34 12 78 56	3	rlc bc	3	rlc 0x34,BC	AGREE	ASYM
D8+r	d9 e9 34 12 78 56	3	rrc bc	3	rrc 0x34,BC	AGREE	ASYM
D8+r	d9 ea 34 12 78 56	3	rl bc	3	rl 0x34,BC	AGREE	ASYM
D8+r	d9 eb 34 12 78 56	3	rr bc	3	rr 0x34,BC	AGREE	ASYM
E8+r	e9 03 34 12 78 56	6	ld xbc, 1450709556	6	ld XBC,0x56781234	AGREE	ASYM
E8+r	e9 04 34 12 78 56	2	push xbc	2	push XBC	AGREE	ASYM
E8+r	e9 05 34 12 78 56	2	pop xbc	2	pop XBC	AGREE	ASYM
E8+r	e9 06 34 12 78 56	2	cpl xbc	2	db	LLVM_ONLY	
E8+r	e9 07 34 12 78 56	2	neg xbc	2	db	LLVM_ONLY	
E8+r	e9 0d 34 12 78 56	2	unlk32 xbc	2	unlk XBC	MNEM_DIFF	
E8+r	e9 10 34 12 78 56	2	daa xbc	2	db	LLVM_ONLY	
E8+r	e9 1c 34 12 78 56	3	djnz xbc, 52	2	db	LLVM_ONLY	ASYM
E8+r	e9 30 34 12 78 56	3	res 20, xbc	2	db	LLVM_ONLY	
E8+r	e9 31 34 12 78 56	3	set 20, xbc	2	db	LLVM_ONLY	
E8+r	e9 32 34 12 78 56	3	chg 20, xbc	2	db	LLVM_ONLY	
E8+r	e9 33 34 12 78 56	3	bit 20, xbc	2	db	LLVM_ONLY	
E8+r	e9 34 34 12 78 56	3	tset 20, xbc	2	db	LLVM_ONLY	
E8+r	e9 70 34 12 78 56	2	scc f, xbc	2	db	LLVM_ONLY	ASYM
E8+r	e9 71 34 12 78 56	2	scc lt, xbc	2	db	LLVM_ONLY	ASYM
E8+r	e9 72 34 12 78 56	2	scc le, xbc	2	db	LLVM_ONLY	ASYM
E8+r	e9 73 34 12 78 56	2	scc ule, xbc	2	db	LLVM_ONLY	ASYM
E8+r	e9 74 34 12 78 56	2	scc ov, xbc	2	db	LLVM_ONLY	ASYM
E8+r	e9 75 34 12 78 56	2	scc mi, xbc	2	db	LLVM_ONLY	ASYM
E8+r	e9 76 34 12 78 56	2	scc z, xbc	2	db	LLVM_ONLY	ASYM
E8+r	e9 77 34 12 78 56	2	scc c, xbc	2	db	LLVM_ONLY	ASYM
E8+r	e9 78 34 12 78 56	2	scc t, xbc	2	db	LLVM_ONLY	ASYM
E8+r	e9 79 34 12 78 56	2	scc ge, xbc	2	db	LLVM_ONLY	ASYM
E8+r	e9 7a 34 12 78 56	2	scc gt, xbc	2	db	LLVM_ONLY	ASYM
E8+r	e9 7b 34 12 78 56	2	scc ugt, xbc	2	db	LLVM_ONLY	ASYM
E8+r	e9 7c 34 12 78 56	2	scc nov, xbc	2	db	LLVM_ONLY	ASYM
E8+r	e9 7d 34 12 78 56	2	scc pl, xbc	2	db	LLVM_ONLY	ASYM
E8+r	e9 7e 34 12 78 56	2	scc nz, xbc	2	db	LLVM_ONLY	ASYM
E8+r	e9 7f 34 12 78 56	2	scc nc, xbc	2	db	LLVM_ONLY	ASYM
E8+r	e9 e8 34 12 78 56	3	rlc xbc	3	rlc 0x34,XBC	AGREE	ASYM
E8+r	e9 e9 34 12 78 56	3	rrc xbc	3	rrc 0x34,XBC	AGREE	ASYM
E8+r	e9 ea 34 12 78 56	3	rl xbc	3	rl 0x34,XBC	AGREE	ASYM
E8+r	e9 eb 34 12 78 56	3	rr xbc	3	rr 0x34,XBC	AGREE	ASYM
C7:erp	c7 e4 03 34 12 78 56	4	ldi_erpb 228, 52	4	ld C,0x34	REG_DIFF	
C7:erp	c7 e4 09 34 12 78 56	4	muls_erpb 228, 52	4	muls C,0x34	MNEM_DIFF	
C7:erp	c7 e4 2a 34 12 78 56	3	xorcfb_erp 228	3	xorcf A,C	MNEM_DIFF	
C7:erp	c7 e4 30 34 12 78 56	4	res_erpb 228, 52	4	res 0x34,C	REG_DIFF	
C7:erp	c7 e4 31 34 12 78 56	4	set_erpb 228, 52	4	set 0x34,C	REG_DIFF	
C7:erp	c7 e4 33 34 12 78 56	4	bit_erpb 228, 52	4	bit 0x34,C	REG_DIFF	
C7:erp	c7 e4 60 34 12 78 56	3	incb_erp 228, 0	3	inc 0,C	REG_DIFF	
C7:erp	c7 e4 61 34 12 78 56	3	inc1b_erp 228	3	inc 1,C	REG_DIFF	
C7:erp	c7 e4 62 34 12 78 56	3	incb_erp 228, 2	3	inc 2,C	REG_DIFF	
C7:erp	c7 e4 63 34 12 78 56	3	incb_erp 228, 3	3	inc 3,C	REG_DIFF	
C7:erp	c7 e4 64 34 12 78 56	3	incb_erp 228, 4	3	inc 4,C	REG_DIFF	
C7:erp	c7 e4 65 34 12 78 56	3	incb_erp 228, 5	3	inc 5,C	REG_DIFF	
C7:erp	c7 e4 66 34 12 78 56	3	incb_erp 228, 6	3	inc 6,C	REG_DIFF	
C7:erp	c7 e4 67 34 12 78 56	3	incb_erp 228, 7	3	inc 7,C	REG_DIFF	
C7:erp	c7 e4 68 34 12 78 56	3	decb_erp 228, 0	3	dec 0,C	REG_DIFF	
C7:erp	c7 e4 69 34 12 78 56	3	dec1b_erp 228	3	dec 1,C	REG_DIFF	
C7:erp	c7 e4 6a 34 12 78 56	3	decb_erp 228, 2	3	dec 2,C	REG_DIFF	
C7:erp	c7 e4 6b 34 12 78 56	3	decb_erp 228, 3	3	dec 3,C	REG_DIFF	
C7:erp	c7 e4 6c 34 12 78 56	3	decb_erp 228, 4	3	dec 4,C	REG_DIFF	
C7:erp	c7 e4 6d 34 12 78 56	3	decb_erp 228, 5	3	dec 5,C	REG_DIFF	
C7:erp	c7 e4 6e 34 12 78 56	3	decb_erp 228, 6	3	dec 6,C	REG_DIFF	
C7:erp	c7 e4 6f 34 12 78 56	3	decb_erp 228, 7	3	dec 7,C	REG_DIFF	
C7:erp	c7 e4 80 34 12 78 56	3	addb_erp w, 228	3	add W,C	REG_DIFF	
C7:erp	c7 e4 81 34 12 78 56	3	addb_erp a, 228	3	add A,C	REG_DIFF	
C7:erp	c7 e4 82 34 12 78 56	3	addb_erp b, 228	3	add B,C	REG_DIFF	
C7:erp	c7 e4 83 34 12 78 56	3	addb_erp c, 228	3	add C,C	REG_DIFF	
C7:erp	c7 e4 84 34 12 78 56	3	addb_erp d, 228	3	add D,C	REG_DIFF	
C7:erp	c7 e4 85 34 12 78 56	3	addb_erp e, 228	3	add E,C	REG_DIFF	
C7:erp	c7 e4 86 34 12 78 56	3	addb_erp h, 228	3	add H,C	REG_DIFF	
C7:erp	c7 e4 87 34 12 78 56	3	addb_erp l, 228	3	add L,C	REG_DIFF	
C7:erp	c7 e4 88 34 12 78 56	3	stb_erp w, 228	3	ld W,C	REG_DIFF	
C7:erp	c7 e4 89 34 12 78 56	3	stb_erp a, 228	3	ld A,C	REG_DIFF	
C7:erp	c7 e4 8a 34 12 78 56	3	stb_erp b, 228	3	ld B,C	REG_DIFF	
C7:erp	c7 e4 8b 34 12 78 56	3	stb_erp c, 228	3	ld C,C	REG_DIFF	
C7:erp	c7 e4 8c 34 12 78 56	3	stb_erp d, 228	3	ld D,C	REG_DIFF	
C7:erp	c7 e4 8d 34 12 78 56	3	stb_erp e, 228	3	ld E,C	REG_DIFF	
C7:erp	c7 e4 8e 34 12 78 56	3	stb_erp h, 228	3	ld H,C	REG_DIFF	
C7:erp	c7 e4 8f 34 12 78 56	3	stb_erp l, 228	3	ld L,C	REG_DIFF	
C7:erp	c7 e4 98 34 12 78 56	3	ldb_erp w, 228	3	ld C,W	REG_DIFF	
C7:erp	c7 e4 99 34 12 78 56	3	ldb_erp a, 228	3	ld C,A	REG_DIFF	
C7:erp	c7 e4 9a 34 12 78 56	3	ldb_erp b, 228	3	ld C,B	REG_DIFF	
C7:erp	c7 e4 9b 34 12 78 56	3	ldb_erp c, 228	3	ld C,C	REG_DIFF	
C7:erp	c7 e4 9c 34 12 78 56	3	ldb_erp d, 228	3	ld C,D	REG_DIFF	
C7:erp	c7 e4 9d 34 12 78 56	3	ldb_erp e, 228	3	ld C,E	REG_DIFF	
C7:erp	c7 e4 9e 34 12 78 56	3	ldb_erp h, 228	3	ld C,H	REG_DIFF	
C7:erp	c7 e4 9f 34 12 78 56	3	ldb_erp l, 228	3	ld C,L	REG_DIFF	
C7:erp	c7 e4 a0 34 12 78 56	3	subb_erp w, 228	3	sub W,C	REG_DIFF	
C7:erp	c7 e4 a1 34 12 78 56	3	subb_erp a, 228	3	sub A,C	REG_DIFF	
C7:erp	c7 e4 a2 34 12 78 56	3	subb_erp b, 228	3	sub B,C	REG_DIFF	
C7:erp	c7 e4 a3 34 12 78 56	3	subb_erp c, 228	3	sub C,C	REG_DIFF	
C7:erp	c7 e4 a4 34 12 78 56	3	subb_erp d, 228	3	sub D,C	REG_DIFF	
C7:erp	c7 e4 a5 34 12 78 56	3	subb_erp e, 228	3	sub E,C	REG_DIFF	
C7:erp	c7 e4 a6 34 12 78 56	3	subb_erp h, 228	3	sub H,C	REG_DIFF	
C7:erp	c7 e4 a7 34 12 78 56	3	subb_erp l, 228	3	sub L,C	REG_DIFF	
C7:erp	c7 e4 a8 34 12 78 56	3	ldib_erp 228, 0	3	ld C,0	REG_DIFF	
C7:erp	c7 e4 a9 34 12 78 56	3	ldib_erp 228, 1	3	ld C,1	REG_DIFF	
C7:erp	c7 e4 aa 34 12 78 56	3	ldib_erp 228, 2	3	ld C,2	REG_DIFF	
C7:erp	c7 e4 ab 34 12 78 56	3	ldib_erp 228, 3	3	ld C,3	REG_DIFF	
C7:erp	c7 e4 ac 34 12 78 56	3	ldib_erp 228, 4	3	ld C,4	REG_DIFF	
C7:erp	c7 e4 ad 34 12 78 56	3	ldib_erp 228, 5	3	ld C,5	REG_DIFF	
C7:erp	c7 e4 ae 34 12 78 56	3	ldib_erp 228, 6	3	ld C,6	REG_DIFF	
C7:erp	c7 e4 af 34 12 78 56	3	ldib_erp 228, 7	3	ld C,7	REG_DIFF	
C7:erp	c7 e4 c0 34 12 78 56	3	andb_erp w, 228	3	and W,C	REG_DIFF	
C7:erp	c7 e4 c1 34 12 78 56	3	andb_erp a, 228	3	and A,C	REG_DIFF	
C7:erp	c7 e4 c2 34 12 78 56	3	andb_erp b, 228	3	and B,C	REG_DIFF	
C7:erp	c7 e4 c3 34 12 78 56	3	andb_erp c, 228	3	and C,C	REG_DIFF	
C7:erp	c7 e4 c4 34 12 78 56	3	andb_erp d, 228	3	and D,C	REG_DIFF	
C7:erp	c7 e4 c5 34 12 78 56	3	andb_erp e, 228	3	and E,C	REG_DIFF	
C7:erp	c7 e4 c6 34 12 78 56	3	andb_erp h, 228	3	and H,C	REG_DIFF	
C7:erp	c7 e4 c7 34 12 78 56	3	andb_erp l, 228	3	and L,C	REG_DIFF	
C7:erp	c7 e4 c8 34 12 78 56	4	add_erpb 228, 52	4	add C,0x34	REG_DIFF	
C7:erp	c7 e4 ca 34 12 78 56	4	sub_erpb 228, 52	4	sub C,0x34	REG_DIFF	
C7:erp	c7 e4 cc 34 12 78 56	4	and_erpb 228, 52	4	and C,0x34	REG_DIFF	
C7:erp	c7 e4 cd 34 12 78 56	4	xor_erpb 228, 52	4	xor C,0x34	REG_DIFF	
C7:erp	c7 e4 ce 34 12 78 56	4	or_erpb 228, 52	4	or C,0x34	REG_DIFF	
C7:erp	c7 e4 cf 34 12 78 56	4	cp_erpb 228, 52	4	cp C,0x34	REG_DIFF	
C7:erp	c7 e4 d0 34 12 78 56	3	xorb_erp w, 228	3	xor W,C	REG_DIFF	
C7:erp	c7 e4 d1 34 12 78 56	3	xorb_erp a, 228	3	xor A,C	REG_DIFF	
C7:erp	c7 e4 d2 34 12 78 56	3	xorb_erp b, 228	3	xor B,C	REG_DIFF	
C7:erp	c7 e4 d3 34 12 78 56	3	xorb_erp c, 228	3	xor C,C	REG_DIFF	
C7:erp	c7 e4 d4 34 12 78 56	3	xorb_erp d, 228	3	xor D,C	REG_DIFF	
C7:erp	c7 e4 d5 34 12 78 56	3	xorb_erp e, 228	3	xor E,C	REG_DIFF	
C7:erp	c7 e4 d6 34 12 78 56	3	xorb_erp h, 228	3	xor H,C	REG_DIFF	
C7:erp	c7 e4 d7 34 12 78 56	3	xorb_erp l, 228	3	xor L,C	REG_DIFF	
C7:erp	c7 e4 d8 34 12 78 56	3	cpib_erp 228, 0	3	cp C,0	REG_DIFF	
C7:erp	c7 e4 d9 34 12 78 56	3	cpib_erp 228, 1	3	cp C,1	REG_DIFF	
C7:erp	c7 e4 da 34 12 78 56	3	cpib_erp 228, 2	3	cp C,2	REG_DIFF	
C7:erp	c7 e4 db 34 12 78 56	3	cpib_erp 228, 3	3	cp C,3	REG_DIFF	
C7:erp	c7 e4 dc 34 12 78 56	3	cpib_erp 228, 4	3	cp C,4	REG_DIFF	
C7:erp	c7 e4 dd 34 12 78 56	3	cpib_erp 228, 5	3	cp C,5	REG_DIFF	
C7:erp	c7 e4 de 34 12 78 56	3	cpib_erp 228, 6	3	cp C,6	REG_DIFF	
C7:erp	c7 e4 df 34 12 78 56	3	cpib_erp 228, 7	3	cp C,7	REG_DIFF	
C7:erp	c7 e4 e0 34 12 78 56	3	orb_erp w, 228	3	or W,C	REG_DIFF	
C7:erp	c7 e4 e1 34 12 78 56	3	orb_erp a, 228	3	or A,C	REG_DIFF	
C7:erp	c7 e4 e2 34 12 78 56	3	orb_erp b, 228	3	or B,C	REG_DIFF	
C7:erp	c7 e4 e3 34 12 78 56	3	orb_erp c, 228	3	or C,C	REG_DIFF	
C7:erp	c7 e4 e4 34 12 78 56	3	orb_erp d, 228	3	or D,C	REG_DIFF	
C7:erp	c7 e4 e5 34 12 78 56	3	orb_erp e, 228	3	or E,C	REG_DIFF	
C7:erp	c7 e4 e6 34 12 78 56	3	orb_erp h, 228	3	or H,C	REG_DIFF	
C7:erp	c7 e4 e7 34 12 78 56	3	orb_erp l, 228	3	or L,C	REG_DIFF	
C7:erp	c7 e4 ee 34 12 78 56	4	sll_erpb 228, 52	4	sll 0x34,C	MNEM_DIFF	
C7:erp	c7 e4 ef 34 12 78 56	4	srl_erpb 228, 52	4	srl 0x34,C	MNEM_DIFF	
C7:erp	c7 e4 f0 34 12 78 56	3	cpb_erp w, 228	3	cp W,C	REG_DIFF	
C7:erp	c7 e4 f1 34 12 78 56	3	cpb_erp a, 228	3	cp A,C	REG_DIFF	
C7:erp	c7 e4 f2 34 12 78 56	3	cpb_erp b, 228	3	cp B,C	REG_DIFF	
C7:erp	c7 e4 f3 34 12 78 56	3	cpb_erp c, 228	3	cp C,C	REG_DIFF	
C7:erp	c7 e4 f4 34 12 78 56	3	cpb_erp d, 228	3	cp D,C	REG_DIFF	
C7:erp	c7 e4 f5 34 12 78 56	3	cpb_erp e, 228	3	cp E,C	REG_DIFF	
C7:erp	c7 e4 f6 34 12 78 56	3	cpb_erp h, 228	3	cp H,C	REG_DIFF	
C7:erp	c7 e4 f7 34 12 78 56	3	cpb_erp l, 228	3	cp L,C	REG_DIFF	
C7:erp	c7 e4 fe 34 12 78 56	3	sllb_erp 228	3	sll A,C	MNEM_DIFF	
E7:erp	e7 e4 04 34 12 78 56	3	push_lerp 228	3	push XBC	REG_DIFF	
E7:erp	e7 e4 05 34 12 78 56	3	pop_lerp 228	3	pop XBC	REG_DIFF	
E7:erp	e7 e4 64 34 12 78 56	3	inc4_lerp 228	3	inc 4,XBC	REG_DIFF	
E7:erp	e7 e4 88 34 12 78 56	3	ldto_lerp xwa, 228	3	ld XWA,XBC	MNEM_DIFF	
E7:erp	e7 e4 89 34 12 78 56	3	ldto_lerp xbc, 228	3	ld XBC,XBC	MNEM_DIFF	
E7:erp	e7 e4 8a 34 12 78 56	3	ldto_lerp xde, 228	3	ld XDE,XBC	MNEM_DIFF	
E7:erp	e7 e4 8b 34 12 78 56	3	ldto_lerp xhl, 228	3	ld XHL,XBC	MNEM_DIFF	
E7:erp	e7 e4 8c 34 12 78 56	3	ldto_lerp xix, 228	3	ld XIX,XBC	MNEM_DIFF	
E7:erp	e7 e4 8d 34 12 78 56	3	ldto_lerp xiy, 228	3	ld XIY,XBC	MNEM_DIFF	
E7:erp	e7 e4 8e 34 12 78 56	3	ldto_lerp xiz, 228	3	ld XIZ,XBC	MNEM_DIFF	
E7:erp	e7 e4 8f 34 12 78 56	3	ldto_lerp xsp, 228	3	ld XSP,XBC	MNEM_DIFF	
E7:erp	e7 e4 98 34 12 78 56	3	ldfr_lerp xwa, 228	3	ld XBC,XWA	MNEM_DIFF	
E7:erp	e7 e4 99 34 12 78 56	3	ldfr_lerp xbc, 228	3	ld XBC,XBC	MNEM_DIFF	
E7:erp	e7 e4 9a 34 12 78 56	3	ldfr_lerp xde, 228	3	ld XBC,XDE	MNEM_DIFF	
E7:erp	e7 e4 9b 34 12 78 56	3	ldfr_lerp xhl, 228	3	ld XBC,XHL	MNEM_DIFF	
E7:erp	e7 e4 9c 34 12 78 56	3	ldfr_lerp xix, 228	3	ld XBC,XIX	MNEM_DIFF	
E7:erp	e7 e4 9d 34 12 78 56	3	ldfr_lerp xiy, 228	3	ld XBC,XIY	MNEM_DIFF	
E7:erp	e7 e4 9e 34 12 78 56	3	ldfr_lerp xiz, 228	3	ld XBC,XIZ	MNEM_DIFF	
E7:erp	e7 e4 9f 34 12 78 56	3	ldfr_lerp xsp, 228	3	ld XBC,XSP	MNEM_DIFF	
E7:erp	e7 e4 c8 34 12 78 56	7	add_erpl 228, 52, 18, 120, 86	7	add XBC,0x56781234	REG_DIFF	
primary	06 34 12 78 56	2	ei 4	2	ei 0x34	AGREE	ASYM
primary	14 34 12 78 56	1	push_a	1	push A	MNEM_DIFF	
primary	15 34 12 78 56	1	pop_a	1	pop A	MNEM_DIFF	
primary	16 34 12 78 56	1	ex_ff	1	ex F,F'	MNEM_DIFF	
primary	18 34 12 78 56	1	push_f	1	push F	MNEM_DIFF	
primary	19 34 12 78 56	1	pop_f	1	pop F	MNEM_DIFF	
primary	1a 34 12 78 56	3	jp16 4660	3	jp 0x1234	MNEM_DIFF	
primary	1c 34 12 78 56	3	call16 4660	3	call 0x1234	MNEM_DIFF	
primary	c2 34 12 78 56	5	div h, (7868980:24)	5	div ??,(0x781234)	REG_DIFF	
primary	d2 34 12 78 56	5	div iz, (7868980:24)	5	div XIZ,(0x781234)	REG_DIFF	
primary	e8 34 12 78 56	3	tset 18, xwa	2	db	LLVM_ONLY	
primary	e9 34 12 78 56	3	tset 18, xbc	2	db	LLVM_ONLY	
primary	ea 34 12 78 56	3	tset 18, xde	2	db	LLVM_ONLY	
primary	eb 34 12 78 56	3	tset 18, xhl	2	db	LLVM_ONLY	
primary	ec 34 12 78 56	3	tset 18, xix	2	db	LLVM_ONLY	
primary	ed 34 12 78 56	3	tset 18, xiy	2	db	LLVM_ONLY	
primary	ee 34 12 78 56	3	tset 18, xiz	2	db	LLVM_ONLY	
primary	ef 34 12 78 56	3	tset 18, xsp	2	db	LLVM_ONLY	
