mnemonic,count,kind,files,stem,stem_is_native,raw_byte_operands
ld,340583,NATIVE,291,ld,1,0
jr,113973,NATIVE,296,jr,1,0
call,80085,NATIVE,254,call,1,0
lda,54517,NATIVE,232,lda,1,0
cp,54385,NATIVE,268,cp,1,0
push,48958,NATIVE,261,push,1,0
extz,41059,NATIVE,236,extz,1,0
calr,38198,NATIVE,218,calr,1,0
ret,38028,NATIVE,280,ret,1,0
jrl,36109,NATIVE,265,jrl,1,0
add,34694,NATIVE,254,add,1,0
nop,32572,NATIVE,171,nop,1,0
pushw,31874,NATIVE,250,pushw,1,0
ldw,26526,NATIVE,267,ldw,1,0
inc,25897,NATIVE,240,inc,1,0
pop,25701,NATIVE,265,pop,1,0
cps,19261,SYNTHETIC,247,cps,0,0
lds,18564,SYNTHETIC,222,lds,0,0
ldb,16138,SYNTHETIC,212,ldb,0,0
and,16009,NATIVE,200,and,1,0
lds32,14239,SYNTHETIC,180,lds,0,0
swi,10439,NATIVE,133,swi,1,0
popw,8687,NATIVE,209,popw,1,0
dec,8632,NATIVE,225,dec,1,0
sub,8377,NATIVE,214,sub,1,0
or,8180,NATIVE,221,or,1,0
bit,7526,NATIVE,156,bit,1,0
normal,6751,NATIVE,93,normal,1,0
xor,6449,NATIVE,120,xor,1,0
sll,6148,NATIVE,197,sll,1,0
exts,5959,NATIVE,176,exts,1,0
jp,5928,NATIVE,158,jp,1,0
sla,5369,NATIVE,176,sla,1,0
lda_dri,5184,SYNTHETIC,126,lda,1,1
cpw,4812,SYNTHETIC,189,cpw,0,0
stb_erp,4471,SYNTHETIC,126,stb,0,0
extpfx3,3271,SYNTHETIC,18,extpfx,0,1
m_cp_mi8,3075,MACRO,2,m,0,0
srl,2979,NATIVE,167,srl,1,0
muls,2473,NATIVE,101,muls,1,0
ldio,2354,SYNTHETIC,104,ldio,0,0
res,2309,NATIVE,126,res,1,0
ldb_erp,2226,SYNTHETIC,121,ldb,0,0
ldb_sri,2209,SYNTHETIC,109,ldb,0,1
reti,2145,NATIVE,112,reti,1,0
incw,2106,NATIVE,150,incw,1,0
mul,1947,NATIVE,131,mul,1,0
ei,1794,NATIVE,104,ei,1,0
unlk,1720,NATIVE,7,unlk,1,0
link,1712,NATIVE,8,link,1,0
set,1640,NATIVE,124,set,1,0
halt,1308,NATIVE,70,halt,1,0
max,1308,NATIVE,66,max,1,0
stw_erp,1274,SYNTHETIC,103,stw,0,0
divs,1250,NATIVE,77,divs,1,0
ldib_erp,1194,SYNTHETIC,80,ldib,0,0
rcf,1160,NATIVE,80,rcf,1,0
ldwio,1111,SYNTHETIC,76,ldwio,0,0
stb_dri,1105,SYNTHETIC,89,stb,0,1
ld_sril3,1040,SYNTHETIC,113,ld,1,1
scf,1039,NATIVE,57,scf,1,0
RegObjTabl,1036,MACRO,18,RegObjTabl,0,0
ld_sril,1030,SYNTHETIC,20,ld,1,0
m_bit,1024,MACRO,2,m,0,0
cp_erpb,1009,SYNTHETIC,66,cp,1,0
ldmm16,960,SYNTHETIC,19,ldmm,0,0
m_or_mi8,958,MACRO,2,m,0,0
div,944,NATIVE,105,div,1,0
mx_ld_rm,938,MACRO,2,mx,0,0
aligned_string,933,MACRO,37,aligned,0,0
incf,886,NATIVE,71,incf,1,0
ldirw,879,NATIVE,106,ldirw,1,0
retd,864,NATIVE,106,retd,1,0
andmi8,861,SYNTHETIC,47,andmi,0,0
decf,853,NATIVE,42,decf,1,0
ldw_sri,847,SYNTHETIC,115,ldw,1,1
inc1b_erp,845,SYNTHETIC,55,inc1b,0,1
pushm,844,SYNTHETIC,61,pushm,0,0
link32,807,SYNTHETIC,25,link,1,1
unlk32,806,SYNTHETIC,25,unlk,1,0
m_push,794,MACRO,2,m,0,0
ldiw_erp,771,SYNTHETIC,97,ldiw,1,0
jp_ind,769,SYNTHETIC,112,jp,1,1
cpib_erp,758,SYNTHETIC,67,cpib,0,0
ld_rrl,697,SYNTHETIC,60,ld,1,0
m_cp_rm,691,MACRO,2,m,0,0
lda_dpi,669,SYNTHETIC,90,lda,1,0
m_and_mi8,663,MACRO,2,m,0,0
push_a,652,SYNTHETIC,55,push,1,0
ldw_erp,638,SYNTHETIC,84,ldw,1,0
decm,626,SYNTHETIC,83,decm,0,0
cpl,620,NATIVE,82,cpl,1,0
incm8,616,SYNTHETIC,83,incm,0,0
ldiw,605,NATIVE,58,ldiw,1,0
bitm,598,SYNTHETIC,71,bitm,0,0
stib_ind,589,SYNTHETIC,76,stib,0,1
ccf,582,NATIVE,78,ccf,1,0
ldb_sri0,569,SYNTHETIC,24,ldb,0,0
stl_dri,547,SYNTHETIC,54,stl,0,1
ld_rrb,544,SYNTHETIC,68,ld,1,0
ex_ff,534,SYNTHETIC,49,ex,1,0
ldb_spi,527,SYNTHETIC,83,ldb,0,0
bit_dd8,520,SYNTHETIC,33,bit,1,0
scc8,517,SYNTHETIC,50,scc,1,0
extpfx5,481,SYNTHETIC,13,extpfx,0,1
ldmw2,473,SYNTHETIC,13,ldmw,0,0
popw_erp,471,SYNTHETIC,65,popw,1,1
pushw_erp,452,SYNTHETIC,66,pushw,1,1
RegTitle,452,MACRO,18,RegTitle,0,0
set_dd8,436,SYNTHETIC,28,set,1,0
pop_f,429,SYNTHETIC,41,pop,1,0
lda_rr,421,SYNTHETIC,53,lda,1,0
sra,420,NATIVE,44,sra,1,0
m_set,416,MACRO,2,m,0,0
ld_rrw,412,SYNTHETIC,62,ld,1,0
_VGA_SEQUENCER,405,MACRO,3,,0,0
stw_dpi,398,SYNTHETIC,50,stw,0,0
mul8rr,396,SYNTHETIC,33,mul8rr,0,0
ldcfm,394,SYNTHETIC,4,ldcfm,0,0
res_dd8,379,SYNTHETIC,26,res,1,0
m_cp_mi16,377,MACRO,2,m,0,0
m_ld_mi16,374,MACRO,3,m,0,0
stib_dsp,369,SYNTHETIC,81,stib,0,0
setm,368,SYNTHETIC,47,setm,0,0
slaa,365,SYNTHETIC,26,slaa,0,0
cpib_sri,356,SYNTHETIC,51,cpib,0,1
push_f,355,SYNTHETIC,46,push,1,0
scc16,337,SYNTHETIC,63,scc,1,0
stw_dri,334,SYNTHETIC,54,stw,0,1
ldir85,333,SYNTHETIC,28,ldir,1,0
zcf,323,NATIVE,51,zcf,1,0
djnz16,309,SYNTHETIC,33,djnz,1,0
VGA_SEQUENCER,292,MACRO,4,VGA,0,0
pop_a,288,SYNTHETIC,25,pop,1,0
naka_header,281,MACRO,15,naka,0,0
ldmm8,279,SYNTHETIC,37,ldmm,0,0
orw,279,SYNTHETIC,20,orw,0,0
djnz,278,NATIVE,53,djnz,1,0
ldw_sri0,261,SYNTHETIC,39,ldw,1,0
m_add_rm,242,MACRO,2,m,0,0
st_dd8b,236,SYNTHETIC,18,st,0,0
m_sub_rm,234,MACRO,2,m,0,0
m_mul,231,MACRO,3,m,0,0
m_res,218,MACRO,2,m,0,0
decm8,215,SYNTHETIC,53,decm,0,0
di,213,SYNTHETIC,40,di,0,0
cpiw_erp,210,SYNTHETIC,50,cpiw,1,0
djnz8,204,SYNTHETIC,34,djnz,1,0
mx_st_mr8,204,MACRO,2,mx,0,0
ldmi16,197,SYNTHETIC,35,ldmi,0,0
ldf,197,NATIVE,20,ldf,1,0
bit_dri,189,SYNTHETIC,39,bit,1,1
inc1w_erp,187,SYNTHETIC,57,inc1w,0,1
mx_lda32,179,MACRO,2,mx,0,0
bit_erpb,175,SYNTHETIC,21,bit,1,0
cp_erpw,175,SYNTHETIC,48,cp,1,0
db,170,NATIVE,1,db,1,0
stiw_ind,166,SYNTHETIC,28,stiw,0,1
m_rd_ld_rrx,166,MACRO,1,m,0,0
m_rd_ld_rr2x,165,MACRO,1,m,0,0
neg,164,NATIVE,39,neg,1,0
extpfx4,164,SYNTHETIC,11,extpfx,0,1
m_ldir,163,MACRO,1,m,0,0
resm,162,SYNTHETIC,41,resm,0,0
div8rr,158,SYNTHETIC,14,div8rr,0,0
ENDM,155,UNKNOWN,1,ENDM,0,0
stcfm,146,SYNTHETIC,2,stcfm,0,0
ldfr_lerp,145,SYNTHETIC,21,ldfr,0,0
mrdb5,143,SYNTHETIC,27,mrdb,0,1
adc,139,NATIVE,23,adc,1,0
stb_dpi,137,SYNTHETIC,29,stb,0,0
ld_spiw,136,SYNTHETIC,25,ld,1,0
ldto_lerp,134,SYNTHETIC,21,ldto,0,0
ld_rr8b,131,SYNTHETIC,17,ld,1,0
minc1_16,129,SYNTHETIC,7,minc,0,0
st_rrb,127,SYNTHETIC,38,st,0,0
ldcf,124,NATIVE,4,ldcf,1,0
scc,122,NATIVE,19,scc,1,0
mrdw5,121,SYNTHETIC,15,mrdw,0,1
ld_sd8b,120,SYNTHETIC,18,ld,1,0
cpw_erp,119,SYNTHETIC,31,cpw,0,0
jp_rr,119,SYNTHETIC,35,jp,1,0
m_ld_rm,119,MACRO,3,m,0,0
ormi8,117,SYNTHETIC,29,ormi,0,0
add_sril_rm,116,SYNTHETIC,16,add,1,1
decw,115,NATIVE,40,decw,1,0
ld_erpb_rr,109,SYNTHETIC,13,ld,1,0
extpfx2,107,SYNTHETIC,9,extpfx,0,1
addr24,104,MACRO,12,addr,0,0
and_sd8b_im,102,SYNTHETIC,18,and,1,0
mrib4,101,SYNTHETIC,19,mrib,0,1
VGA_COLOR_CRTC,100,MACRO,4,VGA,0,0
cpl_sri_rm,97,SYNTHETIC,18,cpl,1,1
rrc,97,NATIVE,15,rrc,1,0
stl_dpi,94,SYNTHETIC,32,stl,0,0
ldi85,92,SYNTHETIC,28,ldi,1,0
cpb_sri_rm,91,SYNTHETIC,18,cpb,0,1
mx8_ld_rm,91,MACRO,2,mx,0,0
desc_entry,90,MACRO,2,desc,0,0
addb_erp,90,SYNTHETIC,14,addb,0,0
m_rd_stcf_a,90,MACRO,1,m,0,0
ldi_erpw,89,SYNTHETIC,22,ldi,1,0
slla,86,SYNTHETIC,20,slla,0,0
ldx,86,NATIVE,22,ldx,1,0
cplw_erp,85,SYNTHETIC,23,cplw,0,1
mx_st_mr16,85,MACRO,2,mx,0,0
VGA_ATTRIBUTE,84,MACRO,4,VGA,0,0
ldi_erpb,83,SYNTHETIC,29,ldi,1,0
st_rrw,82,SYNTHETIC,21,st,0,0
push_sd16w,81,SYNTHETIC,22,push,1,0
extpfx7,81,SYNTHETIC,13,extpfx,0,1
m_add_mi16,80,MACRO,2,m,0,0
cpb_erp,79,SYNTHETIC,23,cpb,0,0
m_rd_xorcf_a,79,MACRO,1,m,0,0
sbc,78,NATIVE,26,sbc,1,0
cpiw_sri,75,SYNTHETIC,21,cpiw,1,1
_VGA_COLOR_CRTC,75,MACRO,3,,0,0
ldb_dri,74,SYNTHETIC,17,ldb,0,1
mx_ld_mi8,73,MACRO,2,mx,0,0
lda_dd8l,72,SYNTHETIC,20,lda,1,0
_VGA_WRITE,72,MACRO,3,,0,0
mrdw3,70,SYNTHETIC,34,mrdw,0,1
andw,67,SYNTHETIC,15,andw,0,0
_mem,67,MACRO,1,,0,0
RegObjTable,66,MACRO,18,RegObjTable,0,0
_VGA_ATTRIBUTE,63,MACRO,3,,0,0
muls8rr,63,SYNTHETIC,12,muls8rr,0,0
andmi16,62,SYNTHETIC,17,andmi,0,0
rlc,60,NATIVE,14,rlc,1,0
ex16,60,SYNTHETIC,10,ex,1,0
ldc_cr16,59,SYNTHETIC,9,ldc,1,0
xorcf_a_16,58,SYNTHETIC,14,xorcf,1,0
stiw_dsp,57,SYNTHETIC,28,stiw,0,0
ex8,56,SYNTHETIC,17,ex,1,0
addw,55,SYNTHETIC,24,addw,0,0
ormi16,55,SYNTHETIC,16,ormi,0,0
ldmm_srib,55,SYNTHETIC,16,ldmm,0,1
popw_dd16,55,SYNTHETIC,17,popw,1,0
m_popw,55,MACRO,2,m,0,0
orb_erp,54,SYNTHETIC,12,orb,0,0
cp_spib,54,SYNTHETIC,25,cp,1,0
ldc_cr32,53,SYNTHETIC,9,ldc,1,0
VGA_WRITE,53,MACRO,5,VGA,0,0
mx_cp_mi8,53,MACRO,1,mx,0,0
lds_erpb,52,SYNTHETIC,10,lds,0,0
and_srib_im,51,SYNTHETIC,22,and,1,1
incb_erp,50,SYNTHETIC,14,incb,0,0
m_st_mr16,50,MACRO,3,m,0,0
mx_bit,50,MACRO,1,mx,0,0
bit_erpw,49,SYNTHETIC,9,bit,1,0
pop_lerp,49,SYNTHETIC,12,pop,1,1
call16,48,SYNTHETIC,25,call,1,0
srla,47,SYNTHETIC,21,srla,0,0
st_rr8b,45,SYNTHETIC,8,st,0,0
mriw4,44,SYNTHETIC,7,mriw,0,1
RegMode,44,MACRO,18,RegMode,0,0
push_lerp,44,SYNTHETIC,12,push,1,1
addw_erp,43,SYNTHETIC,18,addw,0,0
ldl_dri,42,SYNTHETIC,11,ldl,0,1
ld_spil,40,SYNTHETIC,13,ld,1,0
m_and_rm,40,MACRO,2,m,0,0
mx_ld_mi16,39,MACRO,1,mx,0,0
addiw_da,38,SYNTHETIC,20,addiw,0,0
addmi8,37,SYNTHETIC,17,addmi,0,0
stcf,36,NATIVE,2,stcf,1,0
cpb_sri_mr,34,SYNTHETIC,9,cpb,0,1
m_ldirw,34,MACRO,1,m,0,0
add_sriw_rm,33,SYNTHETIC,8,add,1,1
m_rd_pushx,33,MACRO,1,m,0,0
m_rd_popx,33,MACRO,1,m,0,0
ldmmw_dd24,32,SYNTHETIC,6,ldmmw,0,0
cp_spib_im,31,SYNTHETIC,14,cp,1,0
pushw_da,30,SYNTHETIC,11,pushw,1,1
submi8,30,SYNTHETIC,11,submi,0,0
m_ldc_cr_reg,30,MACRO,2,m,0,0
stcf_a_16,29,SYNTHETIC,11,stcf,1,0
xormi8,28,SYNTHETIC,9,xormi,0,0
m_cp_mr,28,MACRO,3,m,0,0
m_or_rm,28,MACRO,2,m,0,0
push_sriw,27,SYNTHETIC,13,push,1,1
tset_dd16,27,SYNTHETIC,3,tset,1,0
lda_24,27,SYNTHETIC,6,lda,1,0
cps_erpb,27,SYNTHETIC,5,cps,0,0
ldir83,26,SYNTHETIC,7,ldir,1,0
res_erpb,26,SYNTHETIC,15,res,1,0
divs8rr,26,SYNTHETIC,15,divs8rr,0,0
stib_dpd,25,SYNTHETIC,9,stib,0,0
m_add_mr,25,MACRO,2,m,0,0
m_add_mi8,25,MACRO,2,m,0,0
VGA_GFX_CONTROLLER,24,MACRO,4,VGA,0,0
dec1b_erp,24,SYNTHETIC,17,dec1b,0,1
and_erpb,24,SYNTHETIC,7,and,1,0
inc_sriw,23,SYNTHETIC,8,inc,1,1
rrc_i_8,23,SYNTHETIC,13,rrc,1,0
mri_d2,23,SYNTHETIC,13,mri,0,1
dec_sriw,23,SYNTHETIC,8,dec,1,1
st_dd8w,23,SYNTHETIC,5,st,0,0
ldmmb_dd24,23,SYNTHETIC,6,ldmmb,0,0
_memx,23,MACRO,1,,0,0
m_ld_m16m,23,MACRO,1,m,0,0
ld_dst16_rid8,21,SYNTHETIC,5,ld,1,0
ldmm_sriw,21,SYNTHETIC,9,ldmm,0,1
ld_rr8w,21,SYNTHETIC,8,ld,1,0
ldw_dri,21,SYNTHETIC,8,ldw,1,1
cpl_sri_mr,20,SYNTHETIC,13,cpl,1,1
RegObjTablHama,20,MACRO,2,RegObjTablHama,0,0
mriw2,19,SYNTHETIC,12,mriw,0,1
inc_srib,19,SYNTHETIC,6,inc,1,1
rr,19,NATIVE,4,rr,1,0
or_sd8b_im,19,SYNTHETIC,6,or,1,0
ldirw93,19,SYNTHETIC,5,ldirw,1,0
stcfa_dd16,19,SYNTHETIC,7,stcfa,0,0
m_ld_mm16,19,MACRO,2,m,0,0
subw,18,SYNTHETIC,10,subw,0,0
ldc_cr8,18,SYNTHETIC,9,ldc,1,0
or_srib_mr,18,SYNTHETIC,8,or,1,1
stiw_d8,18,SYNTHETIC,9,stiw,0,0
or_srib_rm,18,SYNTHETIC,8,or,1,1
_VGA_GFX_CONTROLLER,18,MACRO,3,,0,0
ldmmw_dri,18,SYNTHETIC,3,ldmmw,0,1
or_sriw_im,18,SYNTHETIC,1,or,1,1
and_sriw_im,18,SYNTHETIC,1,and,1,1
cp8_imm_ri,18,SYNTHETIC,1,cp,1,0
stcf_erpw,18,SYNTHETIC,1,stcf,1,0
m_inc,18,MACRO,1,m,0,0
or_srib_im,17,SYNTHETIC,11,or,1,1
sub_erpb,17,SYNTHETIC,7,sub,1,0
dec1w_erp,17,SYNTHETIC,9,dec1w,0,1
subw_erp,17,SYNTHETIC,14,subw,0,0
cpm_spiw,17,SYNTHETIC,5,cpm,0,0
m_xor_mi8,17,MACRO,2,m,0,0
submi16,16,SYNTHETIC,14,submi,0,0
rlc_i_8,16,SYNTHETIC,9,rlc,1,0
cp8_imm_rid8,16,SYNTHETIC,1,cp,1,0
ldcf_erpw,16,SYNTHETIC,2,ldcf,1,0
m_muls,16,MACRO,1,m,0,0
ld_rr8l,15,SYNTHETIC,7,ld,1,0
add_erpb,15,SYNTHETIC,5,add,1,0
jp16,15,SYNTHETIC,11,jp,1,0
rl,15,NATIVE,4,rl,1,0
m_xor_rm,15,MACRO,2,m,0,0
m_lda32,15,MACRO,1,m,0,0
or_sriw_rm,14,SYNTHETIC,5,or,1,1
exw_erp,14,SYNTHETIC,5,exw,0,0
stib_d8,14,SYNTHETIC,4,stib,0,0
add32_src_rid8,14,SYNTHETIC,1,add,1,0
m_or_mi16,14,MACRO,1,m,0,0
ld16_src_rid8,13,SYNTHETIC,3,ld,1,0
ldmm_sd24w,13,SYNTHETIC,7,ldmm,0,1
m_ex_mr,13,MACRO,2,m,0,0
add_sriw_mr,12,SYNTHETIC,12,add,1,1
xor_srib_rm,12,SYNTHETIC,3,xor,1,1
and_srib_rm,12,SYNTHETIC,2,and,1,1
mul8_rid8,12,SYNTHETIC,2,mul,1,0
set_erpb,12,SYNTHETIC,6,set,1,0
add32_src_ri,12,SYNTHETIC,1,add,1,0
or_rrw_im,12,SYNTHETIC,1,or,1,0
mx_and_mi8,12,MACRO,1,mx,0,0
m_jp_cc,12,MACRO,1,m,0,0
minc4_16,11,SYNTHETIC,4,minc,0,0
mx_or_mi8,11,MACRO,1,mx,0,0
cpw_sri_rm,10,SYNTHETIC,9,cpw,0,1
ld8_src_rid8,10,SYNTHETIC,5,ld,1,0
cp_spiw,10,SYNTHETIC,10,cp,1,0
add_spiw,10,SYNTHETIC,7,add,1,0
andb_erp,10,SYNTHETIC,4,andb,0,0
res_dri,10,SYNTHETIC,3,res,1,1
m_ldc_reg_cr,10,MACRO,2,m,0,0
tset_dd8,10,SYNTHETIC,1,tset,1,0
mx_jp_cc,10,MACRO,1,mx,0,0
ldcf_dd8,9,SYNTHETIC,7,ldcf,1,0
mrib2,9,SYNTHETIC,6,mrib,0,1
st_rr8w,9,SYNTHETIC,6,st,0,0
xorcfw_erp,9,SYNTHETIC,6,xorcfw,0,1
xorcfb_erp,9,SYNTHETIC,3,xorcfb,0,1
m_and_mi16,9,MACRO,1,m,0,0
m_sub_mi16,9,MACRO,1,m,0,0
extpfx6,9,SYNTHETIC,3,extpfx,0,1
add_srib_mr,8,SYNTHETIC,6,add,1,1
chgda_24,8,SYNTHETIC,4,chgda,0,0
mulw_erp,8,SYNTHETIC,8,mulw,0,0
and_srib_mr,8,SYNTHETIC,6,and,1,1
and_sriw_rm,8,SYNTHETIC,3,and,1,1
ldmm_sd24b,8,SYNTHETIC,8,ldmm,0,1
push_sd16b,8,SYNTHETIC,2,push,1,0
popb_dd16,8,SYNTHETIC,2,popb,0,0
add_sril_mr,8,SYNTHETIC,3,add,1,1
m_sub_mr,8,MACRO,2,m,0,0
m_st_mr8,8,MACRO,2,m,0,0
m_divs,8,MACRO,1,m,0,0
RET_VGA_SEQUENCER,7,MACRO,7,RET,0,0
ldcf_dd16,7,SYNTHETIC,5,ldcf,1,0
subb_erp,7,SYNTHETIC,7,subb,0,0
and_erpw,7,SYNTHETIC,2,and,1,0
st_erpb_rr,7,SYNTHETIC,5,st,0,0
m_ldw_mm16,7,MACRO,2,m,0,0
mx_cp_rm,7,MACRO,1,mx,0,0
m_stcf_a,7,MACRO,1,m,0,0
add_spil,6,SYNTHETIC,6,add,1,0
decb_erp,6,SYNTHETIC,4,decb,0,0
set_dri,6,SYNTHETIC,3,set,1,1
srl_erpw,6,SYNTHETIC,3,srl,1,0
or_erpw,6,SYNTHETIC,3,or,1,0
orw_erp,6,SYNTHETIC,3,orw,0,0
ld_spdb,6,SYNTHETIC,6,ld,1,0
ldw_da,6,SYNTHETIC,6,ldw,1,0
RegObjTableHama,6,MACRO,2,RegObjTableHama,0,0
andw_erp,6,SYNTHETIC,6,andw,0,0
ldcf_dri,6,SYNTHETIC,2,ldcf,1,1
add_spib,6,SYNTHETIC,2,add,1,0
muls_erpb,6,SYNTHETIC,3,muls,1,0
m_pop,6,MACRO,2,m,0,0
m_div,6,MACRO,1,m,0,0
m_and_mr,6,MACRO,1,m,0,0
m_or_mr,6,MACRO,1,m,0,0
stcf16ri,5,SYNTHETIC,1,stcf16ri,0,0
mrdl3,5,SYNTHETIC,2,mrdl,0,1
sraa,5,SYNTHETIC,3,sraa,0,0
st_rrl,5,SYNTHETIC,5,st,0,0
lda_rrq,5,SYNTHETIC,4,lda,1,0
_memxb,5,MACRO,1,,0,0
m_sll_m,5,MACRO,1,m,0,0
m_rd_xorcf_ax,5,MACRO,1,m,0,0
m_rd_add_rrx,5,MACRO,1,m,0,0
and16_imm_ri,4,SYNTHETIC,1,and,1,0
mrdb3,4,SYNTHETIC,2,mrdb,0,1
RET_VGA_WRITE,4,MACRO,4,RET,0,0
dec_srib,4,SYNTHETIC,2,dec,1,1
sub_sriw_rm,4,SYNTHETIC,2,sub,1,1
ldmmb_dri,4,SYNTHETIC,4,ldmmb,0,1
inc4w_erp,4,SYNTHETIC,4,inc4w,0,1
call_dd8,4,SYNTHETIC,2,call,1,0
ex_sd16b,4,SYNTHETIC,4,ex,1,0
add_erpw,4,SYNTHETIC,4,add,1,0
RegTitleHama,4,MACRO,2,RegTitleHama,0,0
mul_sd16b,4,SYNTHETIC,2,mul,1,0
cpi3_erpw,4,SYNTHETIC,1,cpi,1,0
bs1b_erpw,4,SYNTHETIC,1,bs1b,1,0
cp_erpb_rr,4,SYNTHETIC,1,cp,1,0
cpib_ind,4,SYNTHETIC,3,cpib,0,1
sllw,4,NATIVE,1,sllw,1,0
divs16_rid8,3,SYNTHETIC,1,divs,1,0
cpir83,3,SYNTHETIC,3,cpir,1,0
ld8_src_ri,3,SYNTHETIC,1,ld,1,0
and8_imm_rid8,3,SYNTHETIC,2,and,1,0
sub_srib_im,3,SYNTHETIC,3,sub,1,1
inc4_lerp,3,SYNTHETIC,3,inc,1,1
add_erpl,3,SYNTHETIC,3,add,1,1
STATE_OF_CPANEL_BUTTONS_RIGHT,3,UNKNOWN,3,STATE,0,0
STATE_OF_CPANEL_BUTTONS_LEFT,3,UNKNOWN,3,STATE,0,0
_VGA_READ,3,MACRO,3,,0,0
stcfw_erp,3,SYNTHETIC,3,stcfw,0,1
lddr83,3,SYNTHETIC,3,lddr,1,0
st_dd8l,3,SYNTHETIC,3,st,0,0
cpd,3,NATIVE,3,cpd,1,0
lddr85,3,SYNTHETIC,3,lddr,1,0
or_erpb,3,SYNTHETIC,3,or,1,0
srl_erpb,3,SYNTHETIC,3,srl,1,0
sub_sril_mr,3,SYNTHETIC,3,sub,1,1
slaw_erp,3,SYNTHETIC,3,slaw,1,1
sla_sd16b,3,SYNTHETIC,3,sla,1,0
ldc_16_cr,3,SYNTHETIC,2,ldc,1,0
or_erpb_rr,3,SYNTHETIC,1,or,1,0
ld_spdl,3,SYNTHETIC,2,ld,1,0
cp_spil_mr,3,SYNTHETIC,2,cp,1,0
mx_st_mr32,3,MACRO,2,mx,0,0
m_stcf,3,MACRO,2,m,0,0
mx8_st_mr8,3,MACRO,1,mx,0,0
m_rd_stcf_ax,3,MACRO,1,m,0,0
m_xorcf_a,3,MACRO,1,m,0,0
dw,2,UNKNOWN,1,dw,0,0
muls16_rid8,2,SYNTHETIC,1,muls,1,0
call_cc_ri,2,SYNTHETIC,1,call,1,0
mrdd3,2,SYNTHETIC,1,mrdd,0,1
mrid4,2,SYNTHETIC,1,mrid,0,1
ex8_ri,2,SYNTHETIC,1,ex,1,0
ex_sriw,2,SYNTHETIC,2,ex,1,1
cpw_sri_mr,2,SYNTHETIC,2,cpw,0,1
xorcf_dd8,2,SYNTHETIC,2,xorcf,1,0
chgm,2,SYNTHETIC,2,chgm,0,0
cp_spdb,2,SYNTHETIC,2,cp,1,0
jp_dd8,2,SYNTHETIC,2,jp,1,0
sllb_erp,2,SYNTHETIC,2,sllb,0,1
muls_sd16w,2,SYNTHETIC,2,muls,1,0
sub_srib_mr,2,SYNTHETIC,2,sub,1,1
st_dpdb,2,SYNTHETIC,2,st,0,0
and_spil,2,SYNTHETIC,2,and,1,0
cp16_src_rid8,2,SYNTHETIC,1,cp,1,0
or_sriw_mr,2,SYNTHETIC,1,or,1,1
and_sriw_mr,2,SYNTHETIC,1,and,1,1
sll_erpb,2,SYNTHETIC,1,sll,1,0
xorcf_erpw,2,SYNTHETIC,1,xorcf,1,0
xor_erpb,2,SYNTHETIC,1,xor,1,0
adc_erpw,2,SYNTHETIC,1,adc,1,0
add_erpw_rr,2,SYNTHETIC,1,add,1,0
ret_cc_ri,2,SYNTHETIC,2,ret,1,0
mx8_st_mr16,2,MACRO,1,mx,0,0
stcf_dd8,2,SYNTHETIC,1,stcf,1,0
m_srl_m,2,MACRO,1,m,0,0
m_xor_mr,2,MACRO,1,m,0,0
m_sla_m,2,MACRO,1,m,0,0
m_rd_ldcf_ax,2,MACRO,1,m,0,0
mul16_rid8,1,SYNTHETIC,1,mul,1,0
srlw_rid8,1,SYNTHETIC,1,srlw,1,0
ld_dst8_ri,1,SYNTHETIC,1,ld,1,0
or16_imm_ri,1,SYNTHETIC,1,or,1,0
sllw_ri,1,SYNTHETIC,1,sllw,1,0
ldcf16ri,1,SYNTHETIC,1,ldcf16ri,0,0
stcf8ri,1,SYNTHETIC,1,stcf8ri,0,0
bs1b,1,NATIVE,1,bs1b,1,0
bs1b16,1,SYNTHETIC,1,bs1b,1,0
inc1_8_rid8,1,SYNTHETIC,1,inc,1,0
sub16_mem_rid8,1,SYNTHETIC,1,sub,1,0
xor8_mem_rid8,1,SYNTHETIC,1,xor,1,0
dec1_16_rid8,1,SYNTHETIC,1,dec,1,0
or_sd8b_mr,1,SYNTHETIC,1,or,1,0
or_spib_rm,1,SYNTHETIC,1,or,1,0
or_spiw_im,1,SYNTHETIC,1,or,1,0
sub_sril_rm,1,SYNTHETIC,1,sub,1,1
xormi16,1,SYNTHETIC,1,xormi,0,0
ldmm_sd8b,1,SYNTHETIC,1,ldmm,0,0
set_erpw,1,SYNTHETIC,1,set,1,0
res_erpw,1,SYNTHETIC,1,res,1,0
or_erpw_rr,1,SYNTHETIC,1,or,1,0
ex_erpw_rr,1,SYNTHETIC,1,ex,1,0
ld2_erpw_rr,1,SYNTHETIC,1,ld,1,0
or_spil,1,SYNTHETIC,1,or,1,0
cp_spdw,1,SYNTHETIC,1,cp,1,0
xorcf_a_8,1,SYNTHETIC,1,xorcf,1,0
ldir,1,NATIVE,1,ldir,1,0
cp_spib_mr,1,SYNTHETIC,1,cp,1,0
m_dec,1,MACRO,1,m,0,0
mx_or_rm,1,MACRO,1,mx,0,0
mx_and_rm,1,MACRO,1,mx,0,0
mx_or_mr,1,MACRO,1,mx,0,0
m_ld_mi8,1,MACRO,1,m,0,0
mx_cp_mr,1,MACRO,1,mx,0,0
mx_sub_rm,1,MACRO,1,mx,0,0
ldc_32_cr,1,SYNTHETIC,1,ldc,1,0
cp_spil,1,SYNTHETIC,1,cp,1,0
