unidasm_text,n_encodings,sites,encodings
"ld W,0x00",2,1003,2000|c80300
"ldirw",2,939,9311|9511
"ldir",3,368,8011|8311|8511
"ld D,0x00",2,321,2400|cc0300
"ld (0x00),0x01",2,61,080001|f0000001
"lda XBC,XWA+",3,53,f5e031|f5e131|f5e231
"ldc unknown,WA",3,49,d82e40|d82e48|d82e7c
"ret GE",2,30,b0f9|b6f9
"ldc unknown,XWA",4,27,e82e00|e82e08|e82e20|e82e28
"ldc unknown,A",3,16,c92e42|c92e4a|c92e4e
"ldc unknown,XHL",3,13,eb2e08|eb2e0c|eb2e2c
"ldc unknown,XBC",5,11,e92e08|e92e0c|e92e18|e92e1c|e92e20
"lda XDE,XWA+",2,10,f5e032|f5e232
"ldc unknown,BC",4,10,d92e28|d92e2c|d92e48|d92e4c
"db",3,8,cb13|cf13|f06308
"lddr",2,6,8313|8513
"ld WA,0x03d8",2,6,30d803|d803d803
"lda XIX,XIZ+",2,6,f5f834|f5f934
"ld (0xe0),0x0000",2,4,0ae00000|f0e0020000
"ldc WA,unknown",3,3,d82f28|d82f2c|d82f40
"jrl NZ,0x026786",2,2,7e73ff|7ee3ff
"jrl NZ,0x02a717",2,2,7e1400|7e5400
"jrl NZ,0x039e71",2,2,7e0e00|7e5e00
"jr NZ,0x0664b9",2,2,6e07|6e17
"jr T,0x067365",2,2,6803|6813
"calr 0x06c192",2,2,1e6f02|1e8ff5
"calr 0x06c4ac",2,2,1e3901|1ee9f4
"calr 0x07b6e3",2,2,1ef000|1ef001
"jr NZ,0x08ad36",2,2,6e04|6e24
"jr T,0x0947b0",2,2,680e|681e
"jrl T,0x0a3204",2,2,781101|783101
"jr NZ,0x0a80c6",2,2,6e04|6e64
"jr T,0x0b7dfd",2,2,680b|685b
"jr T,0x1b27d0",2,2,681e|683e
"calr 0x1db134",2,2,1e01fb|1e5101
"jr T,0x1df20d",2,2,680b|684b
"calr 0x1e11d6",2,2,1e93f6|1ea307
"calr 0x249cdc",2,2,1e59e5|1ec9fa
"jr Z,0x27e927",2,2,6615|6655
"jrl T,0x344d00",2,2,78ddf0|78fd01
"jr Z,0x36e78a",2,2,6608|6618
"calr 0x379e8a",2,2,1e770f|1ec710
"calr 0x379ff7",2,2,1e040f|1e7410
"calr 0x3b6287",2,2,1e2400|1e84f1
"jrl Z,0x3dafd1",2,2,760e01|76ee00
"jr C,0x42dc6d",2,2,674b|67eb
"jrl NC,0x020213",2,2,7f0000|7f007f
"jrl NC,0x021d23",2,2,7f0000|7f007f
"jrl NC,0x026a93",2,2,7f0000|7f007f
"jrl NC,0x0221f3",2,2,7f000c|7f007f
"jrl NC,0x02d673",2,2,7f007f|7f00ff
"jrl NC,0x032053",2,2,7f0000|7f007f
"jrl NZ,0x069897",2,2,7e1400|7e5400
"jrl NZ,0x078ff1",2,2,7e0e00|7e5e00
"jr NZ,0x0978b6",2,2,6e04|6e34
"calr 0x0a2a81",2,2,1e3efc|1eae09
"calr 0x0a5fed",2,2,1e7a1d|1e7af1
"calr 0x0abe51",2,2,1e0e21|1ebe04
"jr T,0x0aa65b",2,2,6809|68f9
"calr 0x0abdcf",2,2,1e0cea|1e2c00
"calr 0x0afa1f",2,2,1e3cde|1eecf0
"jr T,0x0b2c9f",2,2,681d|68bd
"jr NZ,0x0c8b46",2,2,6e24|6e44
"jr T,0x0d42c0",2,2,680e|681e
"jrl T,0x0eaaa4",2,2,781101|783101
"calr 0x0f0bb1",2,2,1e4eff|1e9efb
"calr 0x117b38",2,2,1e25d5|1ed5f1
"jr T,0x193fdb",2,2,6819|6859
"jr T,0x1fa640",2,2,681e|683e
"calr 0x22b166",2,2,1e93f6|1ea307
"calr 0x23730c",2,2,1e59e5|1e59fd
"jr Z,0x26db3c",2,2,660a|662a
"jr NZ,0x27943c",2,2,6e0a|6e7a
"calr 0x355ca4",2,2,1e0100|1e9100
"calr 0x3cb27a",2,2,1e770f|1ec710
"calr 0x3cb3e7",2,2,1e040f|1e7410
"calr 0x410357",2,2,1e2400|1e84f1
"jrl Z,0x435051",2,2,760e01|76ee00
"jrl NC,0x01d1c3",2,2,7f0000|7f007f
"jrl NC,0x01ecd3",2,2,7f0000|7f007f
"jrl NC,0x023a43",2,2,7f0000|7f007f
"jrl NC,0x02a623",2,2,7f007f|7f00ff
"jr NZ,0x092a98",2,2,6e06|6e26
"calr 0x09428a",2,2,1e0702|1eb7fc
"jr NZ,0x09c067",2,2,6e05|6e15
"jr NZ,0x09c847",2,2,6e05|6e15
"jr NZ,0x09d1f7",2,2,6e05|6e15
"jrl T,0x0b2924",2,2,781101|783101
"calr 0x0cced4",2,2,1e81f8|1ea1fc
"calr 0x151537",2,2,1ed4f8|1ef404
"calr 0x16f645",2,2,1eb200|1ed204
"calr 0x1c60af",2,2,1eacfd|1eccfc
"calr 0x1db221",2,2,1edefb|1eee00
"calr 0x26e87a",2,2,1e57ff|1ef7a3
"jrl Z,0x27dc97",2,2,76a401|76e401
"jrl Z,0x27fbc7",2,2,76a401|76e401
"jr Z,0x28b467",2,2,6605|6645
"calr 0x28bd56",2,2,1e03fa|1e13fa
"calr 0x34eb3a",2,2,1e770f|1ec710
"calr 0x34eca7",2,2,1e040f|1e7410
"jr Z,0x3649e9",2,2,6617|6677
"calr 0x05a5e0",2,2,1e1dd1|1e5d2a
"calr 0x068f50",2,2,1e2d02|1e2dff
"calr 0x026e48",2,2,1eb5ea|1ec5ed
"calr 0x02decf",2,2,1e5c09|1efcec
"calr 0x04aba2",2,2,1e3f04|1eaf08
"calr 0x04cbd0",2,2,1e5df3|1e6d02
"calr 0x0a174b",2,2,1e18fc|1e5817
"calr 0x0a1ee5",2,2,1e0204|1e92fa
"calr 0x0a2ac3",2,2,1e4026|1eb0f7
"calr 0x0a5ae6",2,2,1ea3ee|1ee326
"calr 0x0cbc94",2,2,1e0109|1e810e
"calr 0x1405ea",2,2,1e170f|1ed70e
"calr 0x1405f7",2,2,1e140f|1ed40e
"calr 0x152fef",2,2,1e6cff|1eacff
"calr 0x170767",2,2,1ec404|1ee460
"calr 0x0185f8",2,2,1e450d|1ea512
"jr Z,0x01d05a",2,2,6608|6638
"jr Z,0x01d26a",2,2,6608|6638
"jr T,0x05a218",2,2,6826|68e6
"jr NZ,0x069c47",2,2,6e05|6e45
"calr 0x09f7f5",2,2,1e5240|1eb240
"calr 0x09d8ad",2,2,1e3a00|1eca1e
"calr 0x0a93d9",2,2,1e164c|1e960f
"calr 0x0c0b9b",2,2,1ea800|1eb86e
"calr 0x0bdb44",2,2,1e310f|1ec1ec
"calr 0x0be2f7",2,2,1e84fd|1e9410
"calr 0x0cad0f",2,2,1e0c03|1e3cfc
"calr 0x0caeb2",2,2,1e5f00|1e9ffb
"calr 0x0cdc46",2,2,1eb3f6|1ec30f
"jrl Z,0x0d069a",2,2,760702|7657f8
"calr 0x0d1b69",2,2,1e36e3|1e4601
"calr 0x0ec9b4",2,2,1e31fa|1e91fd
"ldc unknown,C",2,2,cb2e2a|cb2e2e
