date,commit,score,kn5000,wsa1,bytes,names,entry,fields,rules
2026-10-06,f6458f02,75.75,76.75,80.63,90.56,81.91,92.93,37.60,1
2026-10-06,c2bf2d04,78.08,79.09,80.63,90.56,81.91,92.93,46.93,1
2026-10-06,e5d9553e,79.34,79.15,88.23,90.56,86.95,92.93,46.93,2
2026-10-06,bd6c1947,79.37,79.15,88.62,90.56,87.08,92.93,46.93,2
2026-10-06,5f575f79,79.45,79.15,89.45,90.56,87.37,92.93,46.93,2
2026-10-06,091a90d1,79.46,79.15,89.54,90.61,87.37,92.93,46.93,2
2026-10-06,1813072c,80.02,79.91,89.54,90.61,87.44,95.11,46.93,2
2026-10-06,42abcada,81.01,80.95,89.54,90.61,87.44,95.71,50.29,2
2026-10-06,68bf0a0c,81.31,81.26,89.54,90.61,87.44,95.71,51.49,2
2026-10-06,58326a7b,82.04,81.98,89.54,90.61,87.44,95.71,54.38,2
2026-10-06,da474423,83.36,83.31,89.54,90.61,87.44,95.71,59.70,2
