NODECODE	v10/maincpu/audio/audio_control_engine.s:9116	ldfr_werp DE, 0x3e	d7 3e 9a		00
NODECODE	v10/maincpu/audio/audio_control_engine.s:9121	ldto_werp DE, 0x3e	d7 3e 8a		00
NODECODE	v10/maincpu/audio/audio_control_engine.s:9248	ldfr_werp DE, 0x3e	d7 3e 9a		00
NODECODE	v10/maincpu/audio/audio_control_engine.s:9253	ldto_werp DE, 0x3e	d7 3e 8a		00
NODECODE	v10/maincpu/audio/note_voice_mapping.s:15460	ldfr_werp WA, 0x30	d7 30 98		00
NODECODE	v10/maincpu/audio/note_voice_mapping.s:15468	ldto_werp WA, 0x30	d7 30 88		00
NODECODE	v10/maincpu/audio/note_voice_mapping.s:15473	ldfr_werp WA, 0x30	d7 30 98		00
NODECODE	v10/maincpu/audio/note_voice_mapping.s:15633	ldfr_werp DE, 0x3c	d7 3c 9a		00
NODECODE	v10/maincpu/audio/note_voice_mapping.s:15635	ldto_werp DE, 0x3c	d7 3c 8a		00
NODECODE	v10/maincpu/audio/note_voice_mapping.s:15738	ldfr_werp DE, 0x3e	d7 3e 9a		00
NODECODE	v10/maincpu/audio/note_voice_mapping.s:15741	ldto_werp DE, 0x3e	d7 3e 8a		00
NODECODE	v10/maincpu/audio/note_voice_mapping.s:15906	ldfr_werp DE, 0x3e	d7 3e 9a		00
NODECODE	v10/maincpu/audio/note_voice_mapping.s:15909	ldto_werp DE, 0x3e	d7 3e 8a		00
NODECODE	v10/maincpu/audio/note_voice_mapping.s:16004	ldfr_werp DE, 0x3e	d7 3e 9a		00
NODECODE	v10/maincpu/audio/note_voice_mapping.s:16007	ldto_werp DE, 0x3e	d7 3e 8a		00
NODECODE	v10/maincpu/audio/note_voice_mapping.s:16455	ldfr_werp DE, 0x3e	d7 3e 9a		00
NODECODE	v10/maincpu/audio/note_voice_mapping.s:16458	ldto_werp DE, 0x3e	d7 3e 8a		00
NODECODE	v10/maincpu/boot/system_handlers.s:7042	ldfr_werp WA, 0x30	d7 30 98		00
NODECODE	v10/maincpu/boot/system_handlers.s:7046	ldto_werp WA, 0x30	d7 30 88		00
NODECODE	v10/maincpu/boot/system_handlers.s:7070	ldfr_werp WA, 0x32	d7 32 98		00
NODECODE	v10/maincpu/boot/system_handlers.s:7089	ldto_werp WA, 0x32	d7 32 88		00
NODECODE	v10/maincpu/boot/system_handlers.s:7165	ldfr_werp WA, 0x30	d7 30 98		00
NODECODE	v10/maincpu/boot/system_handlers.s:7169	ldto_werp WA, 0x30	d7 30 88		00
NODECODE	v10/maincpu/boot/system_handlers.s:7193	ldfr_werp WA, 0x32	d7 32 98		00
NODECODE	v10/maincpu/boot/system_handlers.s:7212	ldto_werp WA, 0x32	d7 32 88		00
NODECODE	v10/maincpu/display/scoop_display.s:626	ldfr_werp DE, 0x3e	d7 3e 9a		00
NODECODE	v10/maincpu/display/scoop_display.s:641	ldfr_werp DE, 0x3e	d7 3e 9a		00
NODECODE	v10/maincpu/display/scoop_display.s:646	ldto_werp DE, 0x3e	d7 3e 8a		00
NODECODE	v10/maincpu/display/scoop_display.s:2949	ldfr_werp DE, 0x3e	d7 3e 9a		00
NODECODE	v10/maincpu/display/scoop_display.s:2956	ldto_werp DE, 0x3e	d7 3e 8a		00
NODECODE	v10/maincpu/display/scoop_display.s:6755	ldfr_werp DE, 0x3e	d7 3e 9a		00
NODECODE	v10/maincpu/display/scoop_display.s:6762	ldto_werp DE, 0x3e	d7 3e 8a		00
NODECODE	v10/maincpu/display/scoop_display.s:6764	ldfr_werp DE, 0x3e	d7 3e 9a		00
NODECODE	v10/maincpu/display/scoop_display.s:6771	ldto_werp DE, 0x3e	d7 3e 8a		00
NODECODE	v10/maincpu/display/scoop_display.s:6773	ldfr_werp DE, 0x3e	d7 3e 9a		00
NODECODE	v10/maincpu/display/scoop_display.s:6780	ldto_werp DE, 0x3e	d7 3e 8a		00
NODECODE	v10/maincpu/display/scoop_display.s:6782	ldfr_werp DE, 0x3e	d7 3e 9a		00
NODECODE	v10/maincpu/display/scoop_display.s:6789	ldto_werp DE, 0x3e	d7 3e 8a		00
NODECODE	v10/maincpu/display/scoop_display.s:6792	ldfr_werp DE, 0x3e	d7 3e 9a		00
NODECODE	v10/maincpu/display/scoop_display.s:6799	ldto_werp DE, 0x3e	d7 3e 8a		00
NODECODE	v10/maincpu/display/scoop_display.s:7431	ldfr_werp DE, 0x3e	d7 3e 9a		00
NODECODE	v10/maincpu/display/scoop_display.s:7436	ldto_werp DE, 0x3e	d7 3e 8a		00
NODECODE	v10/maincpu/display/scoop_display.s:7533	ldfr_werp DE, 0x3e	d7 3e 9a		00
NODECODE	v10/maincpu/display/scoop_display.s:7538	ldto_werp DE, 0x3e	d7 3e 8a		00
NODECODE	v10/maincpu/sequencer/accompaniment_engine.s:614	ldfr_werp HL, 0x3c	d7 3c 9b		00
NODECODE	v10/maincpu/sequencer/accompaniment_engine.s:618	ldto_werp HL, 0x3c	d7 3c 8b		00
NODECODE	v10/maincpu/sequencer/accompaniment_engine.s:622	ldto_werp HL, 0x3c	d7 3c 8b		00
NODECODE	v10/maincpu/sequencer/accompaniment_engine.s:626	ldto_werp HL, 0x3c	d7 3c 8b		00
NODECODE	v10/maincpu/sequencer/accompaniment_engine.s:630	ldto_werp HL, 0x3c	d7 3c 8b		00
NODECODE	v10/maincpu/sequencer/accompaniment_engine.s:634	ldto_werp HL, 0x3c	d7 3c 8b		00
NODECODE	v10/maincpu/sequencer/accompaniment_engine.s:4945	ldfr_werp HL, 0x3c	d7 3c 9b		00
NODECODE	v10/maincpu/sequencer/accompaniment_engine.s:4949	ldto_werp HL, 0x3c	d7 3c 8b		00
NODECODE	v10/maincpu/sequencer/accompaniment_engine.s:4953	ldto_werp HL, 0x3c	d7 3c 8b		00
NODECODE	v10/maincpu/sequencer/accompaniment_engine.s:4957	ldto_werp HL, 0x3c	d7 3c 8b		00
NODECODE	v10/maincpu/sequencer/accompaniment_engine.s:4961	ldto_werp HL, 0x3c	d7 3c 8b		00
NODECODE	v10/maincpu/sequencer/accompaniment_engine.s:4965	ldto_werp HL, 0x3c	d7 3c 8b		00
NODECODE	v10/maincpu/sequencer/smf_config_routines.s:235	ldfr_werp DE, 0x3e	d7 3e 9a		00
NODECODE	v10/maincpu/sequencer/smf_config_routines.s:240	ldto_werp DE, 0x3e	d7 3e 8a		00
NODECODE	v10/maincpu/sequencer/smf_config_routines.s:952	ldfr_werp DE, 0x3e	d7 3e 9a		00
NODECODE	v10/maincpu/sequencer/smf_config_routines.s:957	ldto_werp DE, 0x3e	d7 3e 8a		00
NODECODE	v10/maincpu/sequencer/smf_config_routines.s:1004	ldfr_werp DE, 0x3e	d7 3e 9a		00
NODECODE	v10/maincpu/sequencer/smf_config_routines.s:1009	ldto_werp DE, 0x3e	d7 3e 8a		00
NODECODE	v10/maincpu/sequencer/smf_config_routines.s:1160	ldfr_werp DE, 0x3e	d7 3e 9a		00
NODECODE	v10/maincpu/sequencer/smf_config_routines.s:1165	ldto_werp DE, 0x3e	d7 3e 8a		00
NODECODE	v10/maincpu/sequencer/smf_config_routines.s:1231	ldfr_werp DE, 0x3e	d7 3e 9a		00
NODECODE	v10/maincpu/sequencer/smf_config_routines.s:1236	ldto_werp DE, 0x3e	d7 3e 8a		00
NODECODE	v10/maincpu/sequencer/smf_config_routines.s:1485	ldfr_werp DE, 0x3e	d7 3e 9a		00
NODECODE	v10/maincpu/sequencer/smf_config_routines.s:1490	ldto_werp DE, 0x3e	d7 3e 8a		00
NODECODE	v10/maincpu/sequencer/smf_config_routines.s:1534	ldfr_werp DE, 0x3e	d7 3e 9a		00
NODECODE	v10/maincpu/sequencer/smf_config_routines.s:1539	ldto_werp DE, 0x3e	d7 3e 8a		00
NODECODE	v10/maincpu/sequencer/smf_config_routines.s:1717	ldfr_werp DE, 0x3e	d7 3e 9a		00
NODECODE	v10/maincpu/sequencer/smf_config_routines.s:1722	ldto_werp DE, 0x3e	d7 3e 8a		00
NODECODE	v10/maincpu/sequencer/smf_tonegen_core.s:2486	ldfr_werp DE, 0x3e	d7 3e 9a		00
NODECODE	v10/maincpu/sequencer/smf_tonegen_core.s:2491	ldto_werp DE, 0x3e	d7 3e 8a		00
NODECODE	v10/maincpu/sequencer/smf_tonegen_core.s:4612	ldfr_werp DE, 0x3e	d7 3e 9a		00
NODECODE	v10/maincpu/sequencer/smf_tonegen_core.s:4619	ldto_werp DE, 0x3e	d7 3e 8a		00
NODECODE	v10/maincpu/sequencer/smf_tonegen_core.s:4621	ldfr_werp DE, 0x3e	d7 3e 9a		00
NODECODE	v10/maincpu/sequencer/smf_tonegen_core.s:4628	ldto_werp DE, 0x3e	d7 3e 8a		00
NODECODE	v10/maincpu/sequencer/smf_tonegen_core.s:4651	ldfr_werp WA, 0x3e	d7 3e 98		00
NODECODE	v10/maincpu/sequencer/smf_tonegen_core.s:4706	ldfr_werp WA, 0x3e	d7 3e 98		00
NODECODE	v10/maincpu/sequencer/smf_tonegen_core.s:4717	ldfr_werp DE, 0x3e	d7 3e 9a		00
NODECODE	v10/maincpu/sequencer/smf_tonegen_core.s:4722	ldto_werp DE, 0x3e	d7 3e 8a		00
NODECODE	v10/maincpu/ui/setwall_routines.s:722	ldfr_werp DE, 0x3e	d7 3e 9a		00
NODECODE	v10/maincpu/ui/setwall_routines.s:729	ldto_werp DE, 0x3e	d7 3e 8a		00
NODECODE	v7/maincpu/audio/audio_control_engine.s:9277	ldfr_werp DE, 0x3e	d7 3e 9a		00
NODECODE	v7/maincpu/audio/audio_control_engine.s:9282	ldto_werp DE, 0x3e	d7 3e 8a		00
NODECODE	v7/maincpu/audio/audio_control_engine.s:9403	ldfr_werp DE, 0x3e	d7 3e 9a		00
NODECODE	v7/maincpu/audio/audio_control_engine.s:9408	ldto_werp DE, 0x3e	d7 3e 8a		00
NODECODE	v7/maincpu/audio/note_voice_mapping.s:14513	ldfr_werp WA, 0x30	d7 30 98		00
NODECODE	v7/maincpu/audio/note_voice_mapping.s:14520	ldto_werp WA, 0x30	d7 30 88		00
NODECODE	v7/maincpu/audio/note_voice_mapping.s:14525	ldfr_werp WA, 0x30	d7 30 98		00
NODECODE	v7/maincpu/audio/note_voice_mapping.s:14671	ldfr_werp DE, 0x3c	d7 3c 9a		00
NODECODE	v7/maincpu/audio/note_voice_mapping.s:14673	ldto_werp DE, 0x3c	d7 3c 8a		00
NODECODE	v7/maincpu/audio/note_voice_mapping.s:14762	ldfr_werp DE, 0x3e	d7 3e 9a		00
NODECODE	v7/maincpu/audio/note_voice_mapping.s:14765	ldto_werp DE, 0x3e	d7 3e 8a		00
NODECODE	v7/maincpu/audio/note_voice_mapping.s:14913	ldfr_werp DE, 0x3e	d7 3e 9a		00
NODECODE	v7/maincpu/audio/note_voice_mapping.s:14916	ldto_werp DE, 0x3e	d7 3e 8a		00
NODECODE	v7/maincpu/audio/note_voice_mapping.s:15000	ldfr_werp DE, 0x3e	d7 3e 9a		00
NODECODE	v7/maincpu/audio/note_voice_mapping.s:15003	ldto_werp DE, 0x3e	d7 3e 8a		00
NODECODE	v7/maincpu/audio/note_voice_mapping.s:15405	ldfr_werp DE, 0x3e	d7 3e 9a		00
NODECODE	v7/maincpu/audio/note_voice_mapping.s:15408	ldto_werp DE, 0x3e	d7 3e 8a		00
ASYM	v7/maincpu/audio/semenu_routines.s:1099	ei 14	06 0e	ei 6	06 06
ASYM	v7/maincpu/audio/semenu_routines.s:6223	ei 14	06 0e	ei 6	06 06
NODECODE	v7/maincpu/boot/system_handlers.s:7000	ldfr_werp WA, 0x30	d7 30 98		00
NODECODE	v7/maincpu/boot/system_handlers.s:7004	ldto_werp WA, 0x30	d7 30 88		00
NODECODE	v7/maincpu/boot/system_handlers.s:7028	ldfr_werp WA, 0x32	d7 32 98		00
NODECODE	v7/maincpu/boot/system_handlers.s:7047	ldto_werp WA, 0x32	d7 32 88		00
NODECODE	v7/maincpu/boot/system_handlers.s:7132	ldfr_werp WA, 0x30	d7 30 98		00
NODECODE	v7/maincpu/boot/system_handlers.s:7136	ldto_werp WA, 0x30	d7 30 88		00
NODECODE	v7/maincpu/boot/system_handlers.s:7160	ldfr_werp WA, 0x32	d7 32 98		00
NODECODE	v7/maincpu/boot/system_handlers.s:7179	ldto_werp WA, 0x32	d7 32 88		00
NODECODE	v7/maincpu/display/scoop_display.s:628	ldfr_werp DE, 0x3e	d7 3e 9a		00
NODECODE	v7/maincpu/display/scoop_display.s:643	ldfr_werp DE, 0x3e	d7 3e 9a		00
NODECODE	v7/maincpu/display/scoop_display.s:648	ldto_werp DE, 0x3e	d7 3e 8a		00
NODECODE	v7/maincpu/display/scoop_display.s:2987	ldfr_werp DE, 0x3e	d7 3e 9a		00
NODECODE	v7/maincpu/display/scoop_display.s:2994	ldto_werp DE, 0x3e	d7 3e 8a		00
NODECODE	v7/maincpu/display/scoop_display.s:6857	ldfr_werp DE, 0x3e	d7 3e 9a		00
NODECODE	v7/maincpu/display/scoop_display.s:6864	ldto_werp DE, 0x3e	d7 3e 8a		00
NODECODE	v7/maincpu/display/scoop_display.s:6866	ldfr_werp DE, 0x3e	d7 3e 9a		00
NODECODE	v7/maincpu/display/scoop_display.s:6873	ldto_werp DE, 0x3e	d7 3e 8a		00
NODECODE	v7/maincpu/display/scoop_display.s:6875	ldfr_werp DE, 0x3e	d7 3e 9a		00
NODECODE	v7/maincpu/display/scoop_display.s:6882	ldto_werp DE, 0x3e	d7 3e 8a		00
NODECODE	v7/maincpu/display/scoop_display.s:6884	ldfr_werp DE, 0x3e	d7 3e 9a		00
NODECODE	v7/maincpu/display/scoop_display.s:6891	ldto_werp DE, 0x3e	d7 3e 8a		00
NODECODE	v7/maincpu/display/scoop_display.s:6894	ldfr_werp DE, 0x3e	d7 3e 9a		00
NODECODE	v7/maincpu/display/scoop_display.s:6901	ldto_werp DE, 0x3e	d7 3e 8a		00
NODECODE	v7/maincpu/display/scoop_display.s:7531	ldfr_werp DE, 0x3e	d7 3e 9a		00
NODECODE	v7/maincpu/display/scoop_display.s:7536	ldto_werp DE, 0x3e	d7 3e 8a		00
NODECODE	v7/maincpu/display/scoop_display.s:7630	ldfr_werp DE, 0x3e	d7 3e 9a		00
NODECODE	v7/maincpu/display/scoop_display.s:7635	ldto_werp DE, 0x3e	d7 3e 8a		00
NODECODE	v7/maincpu/sequencer/smf_config_routines.s:235	ldfr_werp DE, 0x3e	d7 3e 9a		00
NODECODE	v7/maincpu/sequencer/smf_config_routines.s:240	ldto_werp DE, 0x3e	d7 3e 8a		00
NODECODE	v7/maincpu/sequencer/smf_config_routines.s:952	ldfr_werp DE, 0x3e	d7 3e 9a		00
NODECODE	v7/maincpu/sequencer/smf_config_routines.s:957	ldto_werp DE, 0x3e	d7 3e 8a		00
NODECODE	v7/maincpu/sequencer/smf_config_routines.s:1004	ldfr_werp DE, 0x3e	d7 3e 9a		00
NODECODE	v7/maincpu/sequencer/smf_config_routines.s:1009	ldto_werp DE, 0x3e	d7 3e 8a		00
NODECODE	v7/maincpu/sequencer/smf_config_routines.s:1160	ldfr_werp DE, 0x3e	d7 3e 9a		00
NODECODE	v7/maincpu/sequencer/smf_config_routines.s:1165	ldto_werp DE, 0x3e	d7 3e 8a		00
NODECODE	v7/maincpu/sequencer/smf_config_routines.s:1231	ldfr_werp DE, 0x3e	d7 3e 9a		00
NODECODE	v7/maincpu/sequencer/smf_config_routines.s:1236	ldto_werp DE, 0x3e	d7 3e 8a		00
NODECODE	v7/maincpu/sequencer/smf_config_routines.s:1485	ldfr_werp DE, 0x3e	d7 3e 9a		00
NODECODE	v7/maincpu/sequencer/smf_config_routines.s:1490	ldto_werp DE, 0x3e	d7 3e 8a		00
NODECODE	v7/maincpu/sequencer/smf_config_routines.s:1534	ldfr_werp DE, 0x3e	d7 3e 9a		00
NODECODE	v7/maincpu/sequencer/smf_config_routines.s:1539	ldto_werp DE, 0x3e	d7 3e 8a		00
NODECODE	v7/maincpu/sequencer/smf_config_routines.s:1717	ldfr_werp DE, 0x3e	d7 3e 9a		00
NODECODE	v7/maincpu/sequencer/smf_config_routines.s:1722	ldto_werp DE, 0x3e	d7 3e 8a		00
NODECODE	v7/maincpu/sequencer/smf_tonegen_core.s:2483	ldfr_werp DE, 0x3e	d7 3e 9a		00
NODECODE	v7/maincpu/sequencer/smf_tonegen_core.s:2488	ldto_werp DE, 0x3e	d7 3e 8a		00
NODECODE	v7/maincpu/sequencer/smf_tonegen_core.s:4599	ldfr_werp DE, 0x3e	d7 3e 9a		00
NODECODE	v7/maincpu/sequencer/smf_tonegen_core.s:4606	ldto_werp DE, 0x3e	d7 3e 8a		00
NODECODE	v7/maincpu/sequencer/smf_tonegen_core.s:4608	ldfr_werp DE, 0x3e	d7 3e 9a		00
NODECODE	v7/maincpu/sequencer/smf_tonegen_core.s:4615	ldto_werp DE, 0x3e	d7 3e 8a		00
NODECODE	v7/maincpu/sequencer/smf_tonegen_core.s:4638	ldfr_werp WA, 0x3e	d7 3e 98		00
NODECODE	v7/maincpu/sequencer/smf_tonegen_core.s:4693	ldfr_werp WA, 0x3e	d7 3e 98		00
NODECODE	v7/maincpu/sequencer/smf_tonegen_core.s:4704	ldfr_werp DE, 0x3e	d7 3e 9a		00
NODECODE	v7/maincpu/sequencer/smf_tonegen_core.s:4709	ldto_werp DE, 0x3e	d7 3e 8a		00
NODECODE	v7/maincpu/ui/setwall_routines.s:782	ldfr_werp DE, 0x3e	d7 3e 9a		00
NODECODE	v7/maincpu/ui/setwall_routines.s:789	ldto_werp DE, 0x3e	d7 3e 8a		00
NODECODE	v9/maincpu/audio/audio_control_engine.s:9140	ldfr_werp DE, 0x3e	d7 3e 9a		00
NODECODE	v9/maincpu/audio/audio_control_engine.s:9145	ldto_werp DE, 0x3e	d7 3e 8a		00
NODECODE	v9/maincpu/audio/audio_control_engine.s:9272	ldfr_werp DE, 0x3e	d7 3e 9a		00
NODECODE	v9/maincpu/audio/audio_control_engine.s:9277	ldto_werp DE, 0x3e	d7 3e 8a		00
NODECODE	v9/maincpu/audio/note_voice_mapping.s:15463	ldfr_werp WA, 0x30	d7 30 98		00
NODECODE	v9/maincpu/audio/note_voice_mapping.s:15471	ldto_werp WA, 0x30	d7 30 88		00
NODECODE	v9/maincpu/audio/note_voice_mapping.s:15476	ldfr_werp WA, 0x30	d7 30 98		00
NODECODE	v9/maincpu/audio/note_voice_mapping.s:15636	ldfr_werp DE, 0x3c	d7 3c 9a		00
NODECODE	v9/maincpu/audio/note_voice_mapping.s:15638	ldto_werp DE, 0x3c	d7 3c 8a		00
NODECODE	v9/maincpu/audio/note_voice_mapping.s:15741	ldfr_werp DE, 0x3e	d7 3e 9a		00
NODECODE	v9/maincpu/audio/note_voice_mapping.s:15744	ldto_werp DE, 0x3e	d7 3e 8a		00
NODECODE	v9/maincpu/audio/note_voice_mapping.s:15909	ldfr_werp DE, 0x3e	d7 3e 9a		00
NODECODE	v9/maincpu/audio/note_voice_mapping.s:15912	ldto_werp DE, 0x3e	d7 3e 8a		00
NODECODE	v9/maincpu/audio/note_voice_mapping.s:16007	ldfr_werp DE, 0x3e	d7 3e 9a		00
NODECODE	v9/maincpu/audio/note_voice_mapping.s:16010	ldto_werp DE, 0x3e	d7 3e 8a		00
NODECODE	v9/maincpu/audio/note_voice_mapping.s:16458	ldfr_werp DE, 0x3e	d7 3e 9a		00
NODECODE	v9/maincpu/audio/note_voice_mapping.s:16461	ldto_werp DE, 0x3e	d7 3e 8a		00
NODECODE	v9/maincpu/boot/system_handlers.s:7042	ldfr_werp WA, 0x30	d7 30 98		00
NODECODE	v9/maincpu/boot/system_handlers.s:7046	ldto_werp WA, 0x30	d7 30 88		00
NODECODE	v9/maincpu/boot/system_handlers.s:7070	ldfr_werp WA, 0x32	d7 32 98		00
NODECODE	v9/maincpu/boot/system_handlers.s:7089	ldto_werp WA, 0x32	d7 32 88		00
NODECODE	v9/maincpu/boot/system_handlers.s:7165	ldfr_werp WA, 0x30	d7 30 98		00
NODECODE	v9/maincpu/boot/system_handlers.s:7169	ldto_werp WA, 0x30	d7 30 88		00
NODECODE	v9/maincpu/boot/system_handlers.s:7193	ldfr_werp WA, 0x32	d7 32 98		00
NODECODE	v9/maincpu/boot/system_handlers.s:7212	ldto_werp WA, 0x32	d7 32 88		00
NODECODE	v9/maincpu/display/scoop_display.s:626	ldfr_werp DE, 0x3e	d7 3e 9a		00
NODECODE	v9/maincpu/display/scoop_display.s:641	ldfr_werp DE, 0x3e	d7 3e 9a		00
NODECODE	v9/maincpu/display/scoop_display.s:646	ldto_werp DE, 0x3e	d7 3e 8a		00
NODECODE	v9/maincpu/display/scoop_display.s:2938	ldfr_werp DE, 0x3e	d7 3e 9a		00
NODECODE	v9/maincpu/display/scoop_display.s:2945	ldto_werp DE, 0x3e	d7 3e 8a		00
NODECODE	v9/maincpu/display/scoop_display.s:6744	ldfr_werp DE, 0x3e	d7 3e 9a		00
NODECODE	v9/maincpu/display/scoop_display.s:6751	ldto_werp DE, 0x3e	d7 3e 8a		00
NODECODE	v9/maincpu/display/scoop_display.s:6753	ldfr_werp DE, 0x3e	d7 3e 9a		00
NODECODE	v9/maincpu/display/scoop_display.s:6760	ldto_werp DE, 0x3e	d7 3e 8a		00
NODECODE	v9/maincpu/display/scoop_display.s:6762	ldfr_werp DE, 0x3e	d7 3e 9a		00
NODECODE	v9/maincpu/display/scoop_display.s:6769	ldto_werp DE, 0x3e	d7 3e 8a		00
NODECODE	v9/maincpu/display/scoop_display.s:6771	ldfr_werp DE, 0x3e	d7 3e 9a		00
NODECODE	v9/maincpu/display/scoop_display.s:6778	ldto_werp DE, 0x3e	d7 3e 8a		00
NODECODE	v9/maincpu/display/scoop_display.s:6781	ldfr_werp DE, 0x3e	d7 3e 9a		00
NODECODE	v9/maincpu/display/scoop_display.s:6788	ldto_werp DE, 0x3e	d7 3e 8a		00
NODECODE	v9/maincpu/display/scoop_display.s:7420	ldfr_werp DE, 0x3e	d7 3e 9a		00
NODECODE	v9/maincpu/display/scoop_display.s:7425	ldto_werp DE, 0x3e	d7 3e 8a		00
NODECODE	v9/maincpu/display/scoop_display.s:7522	ldfr_werp DE, 0x3e	d7 3e 9a		00
NODECODE	v9/maincpu/display/scoop_display.s:7527	ldto_werp DE, 0x3e	d7 3e 8a		00
NODECODE	v9/maincpu/sequencer/accompaniment_engine.s:614	ldfr_werp HL, 0x3c	d7 3c 9b		00
NODECODE	v9/maincpu/sequencer/accompaniment_engine.s:618	ldto_werp HL, 0x3c	d7 3c 8b		00
NODECODE	v9/maincpu/sequencer/accompaniment_engine.s:622	ldto_werp HL, 0x3c	d7 3c 8b		00
NODECODE	v9/maincpu/sequencer/accompaniment_engine.s:626	ldto_werp HL, 0x3c	d7 3c 8b		00
NODECODE	v9/maincpu/sequencer/accompaniment_engine.s:630	ldto_werp HL, 0x3c	d7 3c 8b		00
NODECODE	v9/maincpu/sequencer/accompaniment_engine.s:634	ldto_werp HL, 0x3c	d7 3c 8b		00
NODECODE	v9/maincpu/sequencer/accompaniment_engine.s:4945	ldfr_werp HL, 0x3c	d7 3c 9b		00
NODECODE	v9/maincpu/sequencer/accompaniment_engine.s:4949	ldto_werp HL, 0x3c	d7 3c 8b		00
NODECODE	v9/maincpu/sequencer/accompaniment_engine.s:4953	ldto_werp HL, 0x3c	d7 3c 8b		00
NODECODE	v9/maincpu/sequencer/accompaniment_engine.s:4957	ldto_werp HL, 0x3c	d7 3c 8b		00
NODECODE	v9/maincpu/sequencer/accompaniment_engine.s:4961	ldto_werp HL, 0x3c	d7 3c 8b		00
NODECODE	v9/maincpu/sequencer/accompaniment_engine.s:4965	ldto_werp HL, 0x3c	d7 3c 8b		00
NODECODE	v9/maincpu/sequencer/smf_config_routines.s:235	ldfr_werp DE, 0x3e	d7 3e 9a		00
NODECODE	v9/maincpu/sequencer/smf_config_routines.s:240	ldto_werp DE, 0x3e	d7 3e 8a		00
NODECODE	v9/maincpu/sequencer/smf_config_routines.s:952	ldfr_werp DE, 0x3e	d7 3e 9a		00
NODECODE	v9/maincpu/sequencer/smf_config_routines.s:957	ldto_werp DE, 0x3e	d7 3e 8a		00
NODECODE	v9/maincpu/sequencer/smf_config_routines.s:1004	ldfr_werp DE, 0x3e	d7 3e 9a		00
NODECODE	v9/maincpu/sequencer/smf_config_routines.s:1009	ldto_werp DE, 0x3e	d7 3e 8a		00
NODECODE	v9/maincpu/sequencer/smf_config_routines.s:1160	ldfr_werp DE, 0x3e	d7 3e 9a		00
NODECODE	v9/maincpu/sequencer/smf_config_routines.s:1165	ldto_werp DE, 0x3e	d7 3e 8a		00
NODECODE	v9/maincpu/sequencer/smf_config_routines.s:1231	ldfr_werp DE, 0x3e	d7 3e 9a		00
NODECODE	v9/maincpu/sequencer/smf_config_routines.s:1236	ldto_werp DE, 0x3e	d7 3e 8a		00
NODECODE	v9/maincpu/sequencer/smf_config_routines.s:1485	ldfr_werp DE, 0x3e	d7 3e 9a		00
NODECODE	v9/maincpu/sequencer/smf_config_routines.s:1490	ldto_werp DE, 0x3e	d7 3e 8a		00
NODECODE	v9/maincpu/sequencer/smf_config_routines.s:1534	ldfr_werp DE, 0x3e	d7 3e 9a		00
NODECODE	v9/maincpu/sequencer/smf_config_routines.s:1539	ldto_werp DE, 0x3e	d7 3e 8a		00
NODECODE	v9/maincpu/sequencer/smf_config_routines.s:1717	ldfr_werp DE, 0x3e	d7 3e 9a		00
NODECODE	v9/maincpu/sequencer/smf_config_routines.s:1722	ldto_werp DE, 0x3e	d7 3e 8a		00
NODECODE	v9/maincpu/sequencer/smf_tonegen_core.s:2486	ldfr_werp DE, 0x3e	d7 3e 9a		00
NODECODE	v9/maincpu/sequencer/smf_tonegen_core.s:2491	ldto_werp DE, 0x3e	d7 3e 8a		00
NODECODE	v9/maincpu/sequencer/smf_tonegen_core.s:4612	ldfr_werp DE, 0x3e	d7 3e 9a		00
NODECODE	v9/maincpu/sequencer/smf_tonegen_core.s:4619	ldto_werp DE, 0x3e	d7 3e 8a		00
NODECODE	v9/maincpu/sequencer/smf_tonegen_core.s:4621	ldfr_werp DE, 0x3e	d7 3e 9a		00
NODECODE	v9/maincpu/sequencer/smf_tonegen_core.s:4628	ldto_werp DE, 0x3e	d7 3e 8a		00
NODECODE	v9/maincpu/sequencer/smf_tonegen_core.s:4651	ldfr_werp WA, 0x3e	d7 3e 98		00
NODECODE	v9/maincpu/sequencer/smf_tonegen_core.s:4706	ldfr_werp WA, 0x3e	d7 3e 98		00
NODECODE	v9/maincpu/sequencer/smf_tonegen_core.s:4717	ldfr_werp DE, 0x3e	d7 3e 9a		00
NODECODE	v9/maincpu/sequencer/smf_tonegen_core.s:4722	ldto_werp DE, 0x3e	d7 3e 8a		00
NODECODE	v9/maincpu/ui/setwall_routines.s:722	ldfr_werp DE, 0x3e	d7 3e 9a		00
NODECODE	v9/maincpu/ui/setwall_routines.s:729	ldto_werp DE, 0x3e	d7 3e 8a		00
