family,operands,sites,reason,detail
ld_sril,"XWA, (xsp + 0x00aa)",89,DIAGNOSTIC_OR_FIXUP_DIFFERS,"ld XWA, (xsp + 0x00aa) -> right bytes, but ('warn=1',) vs ('warn=0',)"
ld_sril,"xhl, (xbc + 0x0100)",85,BYTES_DIFFER,"ld xhl, (xbc + 0x0100) -> 0xa9,0x00,0x23 (want 0xe3,0xe5,0x00,0x01,0x23)"
ld_sril,"xhl, (xwa + 0x0100)",62,BYTES_DIFFER,"ld xhl, (xwa + 0x0100) -> 0xa8,0x00,0x23 (want 0xe3,0xe1,0x00,0x01,0x23)"
ld_sril,"xhl, (xwa + 0x0080)",48,DIAGNOSTIC_OR_FIXUP_DIFFERS,"ld xhl, (xwa + 0x0080) -> right bytes, but ('warn=1',) vs ('warn=0',)"
ld_sril,"XDE, (xsp + 0x00a2)",44,DIAGNOSTIC_OR_FIXUP_DIFFERS,"ld XDE, (xsp + 0x00a2) -> right bytes, but ('warn=1',) vs ('warn=0',)"
ld_sril,"xhl, (xhl + 0x00dc)",42,DIAGNOSTIC_OR_FIXUP_DIFFERS,"ld xhl, (xhl + 0x00dc) -> right bytes, but ('warn=1',) vs ('warn=0',)"
ld_sril,"XWA, (xsp + 0x00ac)",40,DIAGNOSTIC_OR_FIXUP_DIFFERS,"ld XWA, (xsp + 0x00ac) -> right bytes, but ('warn=1',) vs ('warn=0',)"
ld_sril,"XWA, (xsp + 0x00a8)",38,DIAGNOSTIC_OR_FIXUP_DIFFERS,"ld XWA, (xsp + 0x00a8) -> right bytes, but ('warn=1',) vs ('warn=0',)"
ld_sril,"XBC, (xsp + 0x00a6)",37,DIAGNOSTIC_OR_FIXUP_DIFFERS,"ld XBC, (xsp + 0x00a6) -> right bytes, but ('warn=1',) vs ('warn=0',)"
ld_sril,"xix, (xhl + 0x00dc)",32,DIAGNOSTIC_OR_FIXUP_DIFFERS,"ld xix, (xhl + 0x00dc) -> right bytes, but ('warn=1',) vs ('warn=0',)"
ld_sril,"xix, (xwa + 0x0100)",30,BYTES_DIFFER,"ld xix, (xwa + 0x0100) -> 0xa8,0x00,0x24 (want 0xe3,0xe1,0x00,0x01,0x24)"
ld_sril,"XWA, (xsp + 0x00a2)",29,DIAGNOSTIC_OR_FIXUP_DIFFERS,"ld XWA, (xsp + 0x00a2) -> right bytes, but ('warn=1',) vs ('warn=0',)"
ld_sril,"XWA, (xsp + 0x00b2)",29,DIAGNOSTIC_OR_FIXUP_DIFFERS,"ld XWA, (xsp + 0x00b2) -> right bytes, but ('warn=1',) vs ('warn=0',)"
ld_sril,"XWA, (xsp + 0x00a6)",26,DIAGNOSTIC_OR_FIXUP_DIFFERS,"ld XWA, (xsp + 0x00a6) -> right bytes, but ('warn=1',) vs ('warn=0',)"
ld_sril,"xhl, (xbc + 0x00a8)",26,DIAGNOSTIC_OR_FIXUP_DIFFERS,"ld xhl, (xbc + 0x00a8) -> right bytes, but ('warn=1',) vs ('warn=0',)"
ld_sril,"XBC, (xsp + 0x00ae)",24,DIAGNOSTIC_OR_FIXUP_DIFFERS,"ld XBC, (xsp + 0x00ae) -> right bytes, but ('warn=1',) vs ('warn=0',)"
ld_sril,"XWA, (xsp + 0x0082)",23,DIAGNOSTIC_OR_FIXUP_DIFFERS,"ld XWA, (xsp + 0x0082) -> right bytes, but ('warn=1',) vs ('warn=0',)"
ld_sril,"xhl, (xwa + 0x00ac)",23,DIAGNOSTIC_OR_FIXUP_DIFFERS,"ld xhl, (xwa + 0x00ac) -> right bytes, but ('warn=1',) vs ('warn=0',)"
ld_sril,"xhl, (xhl + 0x00c4)",15,DIAGNOSTIC_OR_FIXUP_DIFFERS,"ld xhl, (xhl + 0x00c4) -> right bytes, but ('warn=1',) vs ('warn=0',)"
ld_sril,"xhl, (xbc + 0x009c)",13,DIAGNOSTIC_OR_FIXUP_DIFFERS,"ld xhl, (xbc + 0x009c) -> right bytes, but ('warn=1',) vs ('warn=0',)"
ld_sril,"xhl, (xde + 0x00a0)",12,DIAGNOSTIC_OR_FIXUP_DIFFERS,"ld xhl, (xde + 0x00a0) -> right bytes, but ('warn=1',) vs ('warn=0',)"
ld_sril,"XHL, (xwa + 0x00e4)",11,DIAGNOSTIC_OR_FIXUP_DIFFERS,"ld XHL, (xwa + 0x00e4) -> right bytes, but ('warn=1',) vs ('warn=0',)"
ld_sril,"XWA, (xsp + 0x009e)",11,DIAGNOSTIC_OR_FIXUP_DIFFERS,"ld XWA, (xsp + 0x009e) -> right bytes, but ('warn=1',) vs ('warn=0',)"
ld_sril,"xhl, (xwa + 0x00e8)",11,DIAGNOSTIC_OR_FIXUP_DIFFERS,"ld xhl, (xwa + 0x00e8) -> right bytes, but ('warn=1',) vs ('warn=0',)"
ld_sril,"xix, (xde + 0x0094)",11,DIAGNOSTIC_OR_FIXUP_DIFFERS,"ld xix, (xde + 0x0094) -> right bytes, but ('warn=1',) vs ('warn=0',)"
ld_sril,"xix, (xde + 0x00a0)",11,DIAGNOSTIC_OR_FIXUP_DIFFERS,"ld xix, (xde + 0x00a0) -> right bytes, but ('warn=1',) vs ('warn=0',)"
ld_sril,"XBC, (xsp + 0x00ac)",10,DIAGNOSTIC_OR_FIXUP_DIFFERS,"ld XBC, (xsp + 0x00ac) -> right bytes, but ('warn=1',) vs ('warn=0',)"
ld_sril,"XDE, (xsp + 0x009e)",10,DIAGNOSTIC_OR_FIXUP_DIFFERS,"ld XDE, (xsp + 0x009e) -> right bytes, but ('warn=1',) vs ('warn=0',)"
ld_sril,"XWA, (xsp + 0x00b0)",10,DIAGNOSTIC_OR_FIXUP_DIFFERS,"ld XWA, (xsp + 0x00b0) -> right bytes, but ('warn=1',) vs ('warn=0',)"
ld_sril,"xhl, (xwa + 0x00ec)",10,DIAGNOSTIC_OR_FIXUP_DIFFERS,"ld xhl, (xwa + 0x00ec) -> right bytes, but ('warn=1',) vs ('warn=0',)"
ld_sril,"xhl, (xwa + 0x00f0)",10,DIAGNOSTIC_OR_FIXUP_DIFFERS,"ld xhl, (xwa + 0x00f0) -> right bytes, but ('warn=1',) vs ('warn=0',)"
ld_sril,"XHL, (xbc + 0x0100)",9,BYTES_DIFFER,"ld XHL, (xbc + 0x0100) -> 0xa9,0x00,0x23 (want 0xe3,0xe5,0x00,0x01,0x23)"
ld_sril,"XWA, (xsp + 0x0090)",9,DIAGNOSTIC_OR_FIXUP_DIFFERS,"ld XWA, (xsp + 0x0090) -> right bytes, but ('warn=1',) vs ('warn=0',)"
ld_sril,"XHL, (xhl + 0x00c4)",8,DIAGNOSTIC_OR_FIXUP_DIFFERS,"ld XHL, (xhl + 0x00c4) -> right bytes, but ('warn=1',) vs ('warn=0',)"
ld_sril,"XHL, (xbc + 0x00a8)",7,DIAGNOSTIC_OR_FIXUP_DIFFERS,"ld XHL, (xbc + 0x00a8) -> right bytes, but ('warn=1',) vs ('warn=0',)"
ld_sril,"XBC, (xsp + 0x00a8)",6,DIAGNOSTIC_OR_FIXUP_DIFFERS,"ld XBC, (xsp + 0x00a8) -> right bytes, but ('warn=1',) vs ('warn=0',)"
ld_sril,"XDE, (xsp + 0x00ae)",6,DIAGNOSTIC_OR_FIXUP_DIFFERS,"ld XDE, (xsp + 0x00ae) -> right bytes, but ('warn=1',) vs ('warn=0',)"
ld_sril,"xwa, (xsp + 0x00d6)",6,DIAGNOSTIC_OR_FIXUP_DIFFERS,"ld xwa, (xsp + 0x00d6) -> right bytes, but ('warn=1',) vs ('warn=0',)"
ld_sril,"XHL, (xhl + 0x00dc)",5,DIAGNOSTIC_OR_FIXUP_DIFFERS,"ld XHL, (xhl + 0x00dc) -> right bytes, but ('warn=1',) vs ('warn=0',)"
ld_sril,"xhl, (xde + 0x00a8)",5,DIAGNOSTIC_OR_FIXUP_DIFFERS,"ld xhl, (xde + 0x00a8) -> right bytes, but ('warn=1',) vs ('warn=0',)"
ld_sril,"XWA, (xsp + 0x00de)",4,DIAGNOSTIC_OR_FIXUP_DIFFERS,"ld XWA, (xsp + 0x00de) -> right bytes, but ('warn=1',) vs ('warn=0',)"
ld_sril,"xhl, (xde + 0x00a4)",4,DIAGNOSTIC_OR_FIXUP_DIFFERS,"ld xhl, (xde + 0x00a4) -> right bytes, but ('warn=1',) vs ('warn=0',)"
ld_sril,"XBC, (xsp + 0x0080)",3,DIAGNOSTIC_OR_FIXUP_DIFFERS,"ld XBC, (xsp + 0x0080) -> right bytes, but ('warn=1',) vs ('warn=0',)"
ld_sril,"XBC, (xsp + 0x008c)",3,DIAGNOSTIC_OR_FIXUP_DIFFERS,"ld XBC, (xsp + 0x008c) -> right bytes, but ('warn=1',) vs ('warn=0',)"
ld_sril,"XBC, (xsp + 0x0090)",3,DIAGNOSTIC_OR_FIXUP_DIFFERS,"ld XBC, (xsp + 0x0090) -> right bytes, but ('warn=1',) vs ('warn=0',)"
ld_sril,"XDE, (xsp + 0x0080)",3,DIAGNOSTIC_OR_FIXUP_DIFFERS,"ld XDE, (xsp + 0x0080) -> right bytes, but ('warn=1',) vs ('warn=0',)"
ld_sril,"XDE, (xsp + 0x0082)",3,DIAGNOSTIC_OR_FIXUP_DIFFERS,"ld XDE, (xsp + 0x0082) -> right bytes, but ('warn=1',) vs ('warn=0',)"
ld_sril,"XDE, (xsp + 0x0088)",3,DIAGNOSTIC_OR_FIXUP_DIFFERS,"ld XDE, (xsp + 0x0088) -> right bytes, but ('warn=1',) vs ('warn=0',)"
ld_sril,"XDE, (xsp + 0x00aa)",3,DIAGNOSTIC_OR_FIXUP_DIFFERS,"ld XDE, (xsp + 0x00aa) -> right bytes, but ('warn=1',) vs ('warn=0',)"
ld_sril,"XWA, (xsp + 0x008c)",3,DIAGNOSTIC_OR_FIXUP_DIFFERS,"ld XWA, (xsp + 0x008c) -> right bytes, but ('warn=1',) vs ('warn=0',)"
ld_sril,"XWA, (xsp + 0x00ae)",3,DIAGNOSTIC_OR_FIXUP_DIFFERS,"ld XWA, (xsp + 0x00ae) -> right bytes, but ('warn=1',) vs ('warn=0',)"
ld_sril,"xbc, (xsp + 0x00d2)",3,DIAGNOSTIC_OR_FIXUP_DIFFERS,"ld xbc, (xsp + 0x00d2) -> right bytes, but ('warn=1',) vs ('warn=0',)"
ld_sril,"xde, (xsp + 0x00ce)",3,DIAGNOSTIC_OR_FIXUP_DIFFERS,"ld xde, (xsp + 0x00ce) -> right bytes, but ('warn=1',) vs ('warn=0',)"
ld_sril,"xhl, (xwa + 0x0084)",3,DIAGNOSTIC_OR_FIXUP_DIFFERS,"ld xhl, (xwa + 0x0084) -> right bytes, but ('warn=1',) vs ('warn=0',)"
ld_sril,"xhl, (xwa + 0x00e4)",3,DIAGNOSTIC_OR_FIXUP_DIFFERS,"ld xhl, (xwa + 0x00e4) -> right bytes, but ('warn=1',) vs ('warn=0',)"
ld_sril,"XWA, (xsp + 0x0088)",2,DIAGNOSTIC_OR_FIXUP_DIFFERS,"ld XWA, (xsp + 0x0088) -> right bytes, but ('warn=1',) vs ('warn=0',)"
ld_sril,"XWA, (xsp + 0x00d2)",2,DIAGNOSTIC_OR_FIXUP_DIFFERS,"ld XWA, (xsp + 0x00d2) -> right bytes, but ('warn=1',) vs ('warn=0',)"
ld_sril,"XWA, (xwa + 0x00ac)",2,DIAGNOSTIC_OR_FIXUP_DIFFERS,"ld XWA, (xwa + 0x00ac) -> right bytes, but ('warn=1',) vs ('warn=0',)"
ld_sril,"xhl, (xbc + 0x00a4)",2,DIAGNOSTIC_OR_FIXUP_DIFFERS,"ld xhl, (xbc + 0x00a4) -> right bytes, but ('warn=1',) vs ('warn=0',)"
ld_sril,"xhl, (xde + 0x0094)",2,DIAGNOSTIC_OR_FIXUP_DIFFERS,"ld xhl, (xde + 0x0094) -> right bytes, but ('warn=1',) vs ('warn=0',)"
ld_sril,"xhl, (xde + 0x009c)",2,DIAGNOSTIC_OR_FIXUP_DIFFERS,"ld xhl, (xde + 0x009c) -> right bytes, but ('warn=1',) vs ('warn=0',)"
ld_sril,"xhl, (xde + 0x00b0)",2,DIAGNOSTIC_OR_FIXUP_DIFFERS,"ld xhl, (xde + 0x00b0) -> right bytes, but ('warn=1',) vs ('warn=0',)"
ld_sril,"xhl, (xwa + 0x0090)",2,DIAGNOSTIC_OR_FIXUP_DIFFERS,"ld xhl, (xwa + 0x0090) -> right bytes, but ('warn=1',) vs ('warn=0',)"
ld_sril,"xix, (xde + 0x0098)",2,DIAGNOSTIC_OR_FIXUP_DIFFERS,"ld xix, (xde + 0x0098) -> right bytes, but ('warn=1',) vs ('warn=0',)"
ld_sril,"XBC, (xhl + 0x0088)",1,DIAGNOSTIC_OR_FIXUP_DIFFERS,"ld XBC, (xhl + 0x0088) -> right bytes, but ('warn=1',) vs ('warn=0',)"
ld_sril,"XBC, (xsp + 0x0086)",1,DIAGNOSTIC_OR_FIXUP_DIFFERS,"ld XBC, (xsp + 0x0086) -> right bytes, but ('warn=1',) vs ('warn=0',)"
ld_sril,"XBC, (xsp + 0x00dc)",1,DIAGNOSTIC_OR_FIXUP_DIFFERS,"ld XBC, (xsp + 0x00dc) -> right bytes, but ('warn=1',) vs ('warn=0',)"
ld_sril,"XHL, (xde + 0x00a0)",1,DIAGNOSTIC_OR_FIXUP_DIFFERS,"ld XHL, (xde + 0x00a0) -> right bytes, but ('warn=1',) vs ('warn=0',)"
ld_sril,"XHL, (xsp + 0x00e6)",1,DIAGNOSTIC_OR_FIXUP_DIFFERS,"ld XHL, (xsp + 0x00e6) -> right bytes, but ('warn=1',) vs ('warn=0',)"
ld_sril,"XHL, (xsp + 0x00fe)",1,DIAGNOSTIC_OR_FIXUP_DIFFERS,"ld XHL, (xsp + 0x00fe) -> right bytes, but ('warn=1',) vs ('warn=0',)"
ld_sril,"XHL, (xwa + 0x00ac)",1,DIAGNOSTIC_OR_FIXUP_DIFFERS,"ld XHL, (xwa + 0x00ac) -> right bytes, but ('warn=1',) vs ('warn=0',)"
ld_sril,"XHL, (xwa + 0x0100)",1,BYTES_DIFFER,"ld XHL, (xwa + 0x0100) -> 0xa8,0x00,0x23 (want 0xe3,0xe1,0x00,0x01,0x23)"
ld_sril,"XIX, (xhl + 0x00dc)",1,DIAGNOSTIC_OR_FIXUP_DIFFERS,"ld XIX, (xhl + 0x00dc) -> right bytes, but ('warn=1',) vs ('warn=0',)"
ld_sril,"XIX, (xwa + 0x009c)",1,DIAGNOSTIC_OR_FIXUP_DIFFERS,"ld XIX, (xwa + 0x009c) -> right bytes, but ('warn=1',) vs ('warn=0',)"
ld_sril,"XIX, (xwa + 0x00a0)",1,DIAGNOSTIC_OR_FIXUP_DIFFERS,"ld XIX, (xwa + 0x00a0) -> right bytes, but ('warn=1',) vs ('warn=0',)"
ld_sril,"XIX, (xwa + 0x00a4)",1,DIAGNOSTIC_OR_FIXUP_DIFFERS,"ld XIX, (xwa + 0x00a4) -> right bytes, but ('warn=1',) vs ('warn=0',)"
ld_sril,"XWA, (xsp + 0x0080)",1,DIAGNOSTIC_OR_FIXUP_DIFFERS,"ld XWA, (xsp + 0x0080) -> right bytes, but ('warn=1',) vs ('warn=0',)"
ld_sril,"XWA, (xsp + 0x00ca)",1,DIAGNOSTIC_OR_FIXUP_DIFFERS,"ld XWA, (xsp + 0x00ca) -> right bytes, but ('warn=1',) vs ('warn=0',)"
ld_sril,"XWA, (xsp + 0x00e4)",1,DIAGNOSTIC_OR_FIXUP_DIFFERS,"ld XWA, (xsp + 0x00e4) -> right bytes, but ('warn=1',) vs ('warn=0',)"
ld_sril,"XWA, (xsp + 0x00ee)",1,DIAGNOSTIC_OR_FIXUP_DIFFERS,"ld XWA, (xsp + 0x00ee) -> right bytes, but ('warn=1',) vs ('warn=0',)"
ld_sril,"XWA, (xsp + 0x00f2)",1,DIAGNOSTIC_OR_FIXUP_DIFFERS,"ld XWA, (xsp + 0x00f2) -> right bytes, but ('warn=1',) vs ('warn=0',)"
ld_sril,"XWA, (xsp + 0x0100)",1,BYTES_DIFFER,"ld XWA, (xsp + 0x0100) -> 0xaf,0x00,0x20 (want 0xe3,0xfd,0x00,0x01,0x20)"
ld_sril,"XWA, (xwa + 0x00b0)",1,DIAGNOSTIC_OR_FIXUP_DIFFERS,"ld XWA, (xwa + 0x00b0) -> right bytes, but ('warn=1',) vs ('warn=0',)"
ld_sril,"xhl, (xbc + 0x0084)",1,DIAGNOSTIC_OR_FIXUP_DIFFERS,"ld xhl, (xbc + 0x0084) -> right bytes, but ('warn=1',) vs ('warn=0',)"
ld_sril,"xhl, (xwa + 0x00b8)",1,DIAGNOSTIC_OR_FIXUP_DIFFERS,"ld xhl, (xwa + 0x00b8) -> right bytes, but ('warn=1',) vs ('warn=0',)"
ld_sril,"xix, (xbc + 0x0100)",1,BYTES_DIFFER,"ld xix, (xbc + 0x0100) -> 0xa9,0x00,0x24 (want 0xe3,0xe5,0x00,0x01,0x24)"
ld_sril,"xix, (xhl + 0x00b4)",1,DIAGNOSTIC_OR_FIXUP_DIFFERS,"ld xix, (xhl + 0x00b4) -> right bytes, but ('warn=1',) vs ('warn=0',)"
ld_sril,"xix, (xwa + 0x00d0)",1,DIAGNOSTIC_OR_FIXUP_DIFFERS,"ld xix, (xwa + 0x00d0) -> right bytes, but ('warn=1',) vs ('warn=0',)"
ld_sril,"xiz, (xsp + 0x00ce)",1,DIAGNOSTIC_OR_FIXUP_DIFFERS,"ld xiz, (xsp + 0x00ce) -> right bytes, but ('warn=1',) vs ('warn=0',)"
ld_sril,"xwa, (xix + 0x0080)",1,DIAGNOSTIC_OR_FIXUP_DIFFERS,"ld xwa, (xix + 0x0080) -> right bytes, but ('warn=1',) vs ('warn=0',)"
ld_sril,"xwa, (xix + 0x008e)",1,DIAGNOSTIC_OR_FIXUP_DIFFERS,"ld xwa, (xix + 0x008e) -> right bytes, but ('warn=1',) vs ('warn=0',)"
ld_sril,"xwa, (xix + 0x0092)",1,DIAGNOSTIC_OR_FIXUP_DIFFERS,"ld xwa, (xix + 0x0092) -> right bytes, but ('warn=1',) vs ('warn=0',)"
ld_sril,"xwa, (xix + 0x00bf)",1,DIAGNOSTIC_OR_FIXUP_DIFFERS,"ld xwa, (xix + 0x00bf) -> right bytes, but ('warn=1',) vs ('warn=0',)"
ld_sril,"xwa, (xix + 0x00c3)",1,DIAGNOSTIC_OR_FIXUP_DIFFERS,"ld xwa, (xix + 0x00c3) -> right bytes, but ('warn=1',) vs ('warn=0',)"
ld_sril,"xwa, (xsp + 0x00ce)",1,DIAGNOSTIC_OR_FIXUP_DIFFERS,"ld xwa, (xsp + 0x00ce) -> right bytes, but ('warn=1',) vs ('warn=0',)"
ld_sril,"xwa, (xsp + 0x00d2)",1,DIAGNOSTIC_OR_FIXUP_DIFFERS,"ld xwa, (xsp + 0x00d2) -> right bytes, but ('warn=1',) vs ('warn=0',)"
